,date,quarter,department,day,team,targeted_productivity,smv,wip,over_time,incentive,idle_time,idle_men,no_of_style_change,no_of_workers,actual_productivity
0,1/1/2015,Quarter1,sweing,Thursday,8,0.8,26.16,1108.0,7080,98,0.0,0,0,59.0,0.940725424
2,1/1/2015,Quarter1,sweing,Thursday,11,0.8,11.41,968.0,3660,50,0.0,0,0,30.5,0.800570492
3,1/1/2015,Quarter1,sweing,Thursday,12,0.8,11.41,968.0,3660,50,0.0,0,0,30.5,0.800570492
4,1/1/2015,Quarter1,sweing,Thursday,6,0.8,25.9,1170.0,1920,50,0.0,0,0,56.0,0.800381944
5,1/1/2015,Quarter1,sweing,Thursday,7,0.8,25.9,984.0,6720,38,0.0,0,0,56.0,0.800125
7,1/1/2015,Quarter1,sweing,Thursday,3,0.75,28.08,795.0,6900,45,0.0,0,0,57.5,0.753683478
8,1/1/2015,Quarter1,sweing,Thursday,2,0.75,19.87,733.0,6000,34,0.0,0,0,55.0,0.753097531
9,1/1/2015,Quarter1,sweing,Thursday,1,0.75,28.08,681.0,6900,45,0.0,0,0,57.5,0.750427826
10,1/1/2015,Quarter1,sweing,Thursday,9,0.7,28.08,872.0,6900,44,0.0,0,0,57.5,0.721126957
11,1/1/2015,Quarter1,sweing,Thursday,10,0.75,19.31,578.0,6480,45,0.0,0,0,54.0,0.712205247
12,1/1/2015,Quarter1,sweing,Thursday,5,0.8,11.41,668.0,3660,50,0.0,0,0,30.5,0.707045902
17,1/1/2015,Quarter1,sweing,Thursday,4,0.65,23.69,861.0,7200,0,0.0,0,0,60.0,0.52118
24,1/3/2015,Quarter1,sweing,Saturday,1,0.8,28.08,772.0,6300,50,0.0,0,0,56.5,0.800725314
25,1/3/2015,Quarter1,sweing,Saturday,3,0.8,28.08,913.0,6540,50,0.0,0,0,54.5,0.800322936
26,1/3/2015,Quarter1,sweing,Saturday,8,0.8,26.16,1261.0,7080,50,0.0,0,0,59.0,0.800318644
27,1/3/2015,Quarter1,sweing,Saturday,12,0.8,26.16,844.0,7080,63,0.0,0,0,59.0,0.800318644
28,1/3/2015,Quarter1,sweing,Saturday,11,0.8,11.61,1005.0,7080,50,0.0,0,0,29.5,0.800237288
29,1/3/2015,Quarter1,sweing,Saturday,5,0.8,11.61,659.0,7080,50,0.0,0,0,31.5,0.800148649
30,1/3/2015,Quarter1,sweing,Saturday,6,0.8,25.9,1152.0,6720,50,0.0,0,0,56.0,0.800125
31,1/3/2015,Quarter1,sweing,Saturday,7,0.8,25.9,1138.0,6720,38,0.0,0,0,56.0,0.800125
32,1/3/2015,Quarter1,sweing,Saturday,10,0.75,19.31,610.0,6480,56,0.0,0,0,54.0,0.787299691
34,1/3/2015,Quarter1,sweing,Saturday,2,0.75,19.87,944.0,6600,45,0.0,0,0,55.0,0.75024303
36,1/3/2015,Quarter1,sweing,Saturday,4,0.7,23.69,544.0,13800,0,0.0,0,0,60.0,0.700134038
37,1/3/2015,Quarter1,sweing,Saturday,9,0.7,28.08,1072.0,6900,40,0.0,0,0,57.5,0.699965217
43,1/4/2015,Quarter1,sweing,Sunday,6,0.8,11.61,539.0,6975,50,0.0,0,0,31.0,0.879714482
45,1/4/2015,Quarter1,sweing,Sunday,9,0.8,26.16,1278.0,7080,60,0.0,0,0,59.0,0.850569492
46,1/4/2015,Quarter1,sweing,Sunday,7,0.8,25.9,1227.0,7020,60,0.0,0,0,56.5,0.850436438
47,1/4/2015,Quarter1,sweing,Sunday,8,0.8,25.9,1039.0,6780,45,0.0,0,0,56.5,0.850345133
48,1/4/2015,Quarter1,sweing,Sunday,4,0.8,28.08,878.0,4260,50,0.0,0,0,55.5,0.800598058
49,1/4/2015,Quarter1,sweing,Sunday,1,0.8,26.16,1033.0,7080,63,0.0,0,0,59.0,0.800318644
50,1/4/2015,Quarter1,sweing,Sunday,2,0.8,28.08,782.0,6660,50,0.0,0,0,55.5,0.800237838
51,1/4/2015,Quarter1,sweing,Sunday,12,0.8,11.61,1216.0,6975,50,0.0,0,0,31.0,0.800030199
54,1/4/2015,Quarter1,sweing,Sunday,11,0.75,19.31,513.0,6480,45,0.0,0,0,54.0,0.750348457
55,1/4/2015,Quarter1,sweing,Sunday,3,0.75,19.87,734.0,6600,45,0.0,0,0,55.0,0.75024303
56,1/4/2015,Quarter1,sweing,Sunday,10,0.7,28.08,1202.0,6900,40,0.0,0,0,57.5,0.699965217
59,1/4/2015,Quarter1,sweing,Sunday,5,0.7,45.67,884.0,6960,26,0.0,0,0,58.0,0.603432184
65,1/5/2015,Quarter1,sweing,Monday,9,0.8,26.16,1227.0,7080,75,0.0,0,0,59.0,0.850569492
68,1/5/2015,Quarter1,sweing,Monday,7,0.8,25.9,1255.0,6780,50,0.0,0,0,56.5,0.800684366
69,1/5/2015,Quarter1,sweing,Monday,8,0.8,25.9,1047.0,6780,38,0.0,0,0,56.5,0.800684366
70,1/5/2015,Quarter1,sweing,Monday,1,0.8,26.16,1138.0,7080,63,0.0,0,0,59.0,0.800318644
71,1/5/2015,Quarter1,sweing,Monday,11,0.8,19.31,678.0,4800,50,0.0,0,0,55.0,0.800250962
72,1/5/2015,Quarter1,sweing,Monday,6,0.8,11.61,712.0,7200,50,0.0,0,0,32.0,0.800246011
73,1/5/2015,Quarter1,sweing,Monday,12,0.8,11.61,1037.0,7200,50,0.0,0,0,32.0,0.800246011
74,1/5/2015,Quarter1,sweing,Monday,2,0.8,28.08,757.0,6900,50,0.0,0,0,57.5,0.800076522
75,1/5/2015,Quarter1,sweing,Monday,4,0.8,28.08,759.0,6900,50,0.0,0,0,57.5,0.800076522
78,1/5/2015,Quarter1,sweing,Monday,10,0.75,28.08,1083.0,7020,45,0.0,0,0,58.5,0.7504
79,1/5/2015,Quarter1,sweing,Monday,3,0.75,19.87,944.0,6600,45,0.0,0,0,55.0,0.75024303
82,1/5/2015,Quarter1,sweing,Monday,5,0.6,21.98,666.0,6960,23,0.0,0,0,58.0,0.600028736
88,1/6/2015,Quarter1,sweing,Tuesday,1,0.8,26.16,1187.0,10620,75,0.0,0,0,59.0,0.850502311
89,1/6/2015,Quarter1,sweing,Tuesday,9,0.8,26.16,1305.0,10620,75,0.0,0,0,59.0,0.850502311
92,1/6/2015,Quarter1,sweing,Tuesday,2,0.8,28.08,716.0,10350,50,0.0,0,0,57.5,0.800594466
93,1/6/2015,Quarter1,sweing,Tuesday,4,0.8,28.08,925.0,10350,50,0.0,0,0,57.5,0.800594466
94,1/6/2015,Quarter1,sweing,Tuesday,3,0.8,19.87,963.0,9900,50,0.0,0,0,55.0,0.800273829
95,1/6/2015,Quarter1,sweing,Tuesday,12,0.8,11.61,1101.0,5310,50,0.0,0,0,31.5,0.800140969
96,1/6/2015,Quarter1,sweing,Tuesday,7,0.8,25.9,1035.0,10170,38,0.0,0,0,56.5,0.800128721
97,1/6/2015,Quarter1,sweing,Tuesday,8,0.8,25.9,1083.0,10170,38,0.0,0,0,56.5,0.800128721
98,1/6/2015,Quarter1,sweing,Tuesday,6,0.8,11.61,910.0,4470,38,0.0,0,0,31.5,0.80007657
99,1/6/2015,Quarter1,sweing,Tuesday,10,0.75,28.08,1209.0,10530,45,0.0,0,0,58.5,0.750545455
100,1/6/2015,Quarter1,sweing,Tuesday,11,0.75,19.31,590.0,9900,45,0.0,0,0,55.0,0.750057851
102,1/6/2015,Quarter1,sweing,Tuesday,5,0.65,21.98,808.0,10440,35,0.0,0,0,58.0,0.649983281
106,1/7/2015,Quarter1,sweing,Wednesday,1,0.8,26.16,1179.0,10620,75,0.0,0,0,59.0,0.850502311
107,1/7/2015,Quarter1,sweing,Wednesday,9,0.8,26.16,1324.0,10620,75,0.0,0,0,59.0,0.850502311
108,1/7/2015,Quarter1,sweing,Wednesday,8,0.8,25.9,1135.0,10170,60,0.0,0,0,56.5,0.850136766
114,1/7/2015,Quarter1,sweing,Wednesday,2,0.8,28.08,776.0,10350,63,0.0,0,0,57.5,0.800594466
115,1/7/2015,Quarter1,sweing,Wednesday,4,0.8,28.08,990.0,10350,50,0.0,0,0,57.5,0.800594466
116,1/7/2015,Quarter1,sweing,Wednesday,6,0.8,11.41,986.0,5490,50,0.0,0,0,30.5,0.800343766
117,1/7/2015,Quarter1,sweing,Wednesday,3,0.8,19.87,924.0,9900,50,0.0,0,0,55.0,0.800273829
118,1/7/2015,Quarter1,sweing,Wednesday,12,0.8,11.61,1120.0,5670,50,0.0,0,0,31.5,0.800246753
119,1/7/2015,Quarter1,sweing,Wednesday,7,0.8,25.9,1066.0,10170,50,0.0,0,0,56.5,0.800128721
120,1/7/2015,Quarter1,sweing,Wednesday,10,0.75,28.08,1144.0,10530,69,0.0,0,0,58.5,0.8
121,1/7/2015,Quarter1,sweing,Wednesday,5,0.7,21.98,413.0,9720,40,0.0,0,0,58.0,0.700480831
124,1/7/2015,Quarter1,sweing,Wednesday,11,0.8,31.83,568.0,9900,40,0.0,0,0,55.0,0.412119835
128,1/8/2015,Quarter2,sweing,Thursday,9,0.8,26.16,1216.0,10620,88,0.0,0,0,59.0,0.900215716
130,1/8/2015,Quarter2,sweing,Thursday,1,0.8,26.16,1189.0,10620,75,0.0,0,0,59.0,0.850502311
131,1/8/2015,Quarter2,sweing,Thursday,4,0.8,28.08,942.0,10530,75,0.0,0,0,58.5,0.850181818
132,1/8/2015,Quarter2,sweing,Thursday,7,0.8,25.9,1050.0,10170,60,0.0,0,0,56.5,0.850136766
133,1/8/2015,Quarter2,sweing,Thursday,8,0.8,25.9,1026.0,10170,60,0.0,0,0,56.5,0.850136766
136,1/8/2015,Quarter2,sweing,Thursday,2,0.8,28.08,783.0,10050,63,0.0,0,0,58.5,0.800497246
137,1/8/2015,Quarter2,sweing,Thursday,3,0.8,19.87,857.0,9900,50,0.0,0,0,55.0,0.800273829
138,1/8/2015,Quarter2,sweing,Thursday,12,0.8,11.61,548.0,15120,63,0.0,0,0,31.5,0.800107143
139,1/8/2015,Quarter2,sweing,Thursday,6,0.8,11.41,411.0,14640,50,0.0,0,0,30.5,0.800024932
140,1/8/2015,Quarter2,sweing,Thursday,10,0.75,28.08,1066.0,10530,69,0.0,0,0,58.5,0.8
146,1/8/2015,Quarter2,sweing,Thursday,11,0.35,12.52,287.0,25920,38,0.0,0,0,54.0,0.349951389
147,1/8/2015,Quarter2,sweing,Thursday,5,0.7,42.41,724.0,10260,0,0.0,0,0,57.0,0.233705476
152,1/10/2015,Quarter2,sweing,Saturday,9,0.8,26.16,1122.0,10620,75,0.0,0,0,59.0,0.851174114
153,1/10/2015,Quarter2,sweing,Saturday,7,0.8,25.9,970.0,10170,60,0.0,0,0,56.5,0.850136766
154,1/10/2015,Quarter2,sweing,Saturday,8,0.8,25.9,1158.0,10170,60,0.0,0,0,56.5,0.850136766
158,1/10/2015,Quarter2,sweing,Saturday,4,0.8,28.08,660.0,10440,63,0.0,0,0,58.0,0.801028213
159,1/10/2015,Quarter2,sweing,Saturday,2,0.8,28.08,749.0,10350,63,0.0,0,0,57.5,0.800594466
160,1/10/2015,Quarter2,sweing,Saturday,12,0.8,11.61,893.0,4710,50,0.0,0,0,31.5,0.800346445
161,1/10/2015,Quarter2,sweing,Saturday,6,0.8,11.41,887.0,5490,50,0.0,0,0,30.5,0.800343766
162,1/10/2015,Quarter2,sweing,Saturday,1,0.8,26.16,1335.0,10620,63,0.0,0,0,59.0,0.800117103
163,1/10/2015,Quarter2,sweing,Saturday,10,0.8,28.08,1082.0,10530,63,0.0,0,0,58.5,0.8
164,1/10/2015,Quarter2,sweing,Saturday,3,0.75,19.87,1075.0,7080,45,0.0,0,0,56.0,0.750098351
165,1/10/2015,Quarter2,sweing,Saturday,11,0.5,12.52,749.0,9540,38,0.0,0,0,53.0,0.673245283
168,1/10/2015,Quarter2,sweing,Saturday,5,0.5,20.79,966.0,7680,0,0.0,0,0,56.0,0.388007813
172,1/11/2015,Quarter2,sweing,Sunday,9,0.8,26.16,1095.0,10620,88,0.0,0,0,59.0,0.900215716
175,1/11/2015,Quarter2,sweing,Sunday,1,0.8,26.16,1383.0,10620,75,0.0,0,0,59.0,0.850502311
176,1/11/2015,Quarter2,sweing,Sunday,7,0.8,25.9,1012.0,10170,45,0.0,0,0,56.5,0.850136766
177,1/11/2015,Quarter2,sweing,Sunday,8,0.8,25.9,1209.0,10170,60,0.0,0,0,56.5,0.850136766
180,1/11/2015,Quarter2,sweing,Sunday,6,0.8,11.41,887.0,5490,50,0.0,0,0,30.5,0.800343766
181,1/11/2015,Quarter2,sweing,Sunday,12,0.8,11.61,896.0,5670,50,0.0,0,0,31.5,0.800246753
182,1/11/2015,Quarter2,sweing,Sunday,2,0.8,28.08,805.0,10530,63,0.0,0,0,58.5,0.8
183,1/11/2015,Quarter2,sweing,Sunday,10,0.8,28.08,762.0,10530,38,0.0,0,0,58.5,0.8
184,1/11/2015,Quarter2,sweing,Sunday,3,0.8,19.87,1043.0,6420,0,0.0,0,0,55.0,0.690182815
188,1/11/2015,Quarter2,sweing,Sunday,11,0.6,12.52,831.0,9540,30,0.0,0,0,53.0,0.600229846
191,1/11/2015,Quarter2,sweing,Sunday,4,0.8,50.48,562.0,10440,0,0.0,0,0,58.0,0.473134796
192,1/11/2015,Quarter2,sweing,Sunday,5,0.6,20.79,1208.0,7980,0,0.0,0,0,57.0,0.452979626
198,1/12/2015,Quarter2,sweing,Monday,1,0.8,26.16,1099.0,8220,75,0.0,0,0,59.0,0.850522167
199,1/12/2015,Quarter2,sweing,Monday,9,0.8,26.16,1093.0,10620,75,0.0,0,0,59.0,0.850502311
200,1/12/2015,Quarter2,sweing,Monday,7,0.8,25.9,1031.0,10170,60,0.0,0,0,56.5,0.850136766
201,1/12/2015,Quarter2,sweing,Monday,8,0.8,25.9,1233.0,10170,60,0.0,0,0,56.5,0.850136766
204,1/12/2015,Quarter2,sweing,Monday,3,0.8,19.87,941.0,9900,0,0.0,0,0,55.0,0.800273829
205,1/12/2015,Quarter2,sweing,Monday,6,0.8,11.41,843.0,5670,50,0.0,0,0,31.5,0.800181818
206,1/12/2015,Quarter2,sweing,Monday,12,0.8,11.61,760.0,4470,50,0.0,0,0,31.5,0.80007657
207,1/12/2015,Quarter2,sweing,Monday,2,0.8,28.08,737.0,10530,63,0.0,0,0,58.5,0.8
209,1/12/2015,Quarter2,sweing,Monday,10,0.8,50.48,381.0,6930,45,0.0,0,0,58.5,0.688557555
210,1/12/2015,Quarter2,sweing,Monday,5,0.65,20.79,1141.0,8460,0,0.0,0,0,59.0,0.650040783
211,1/12/2015,Quarter2,sweing,Monday,11,0.65,12.52,1004.0,9540,44,0.0,0,0,53.0,0.64998056
214,1/12/2015,Quarter2,sweing,Monday,4,0.35,22.4,581.0,7350,0,0.0,0,0,51.5,0.35063299
221,1/13/2015,Quarter2,sweing,Tuesday,1,0.8,26.16,1073.0,10620,75,0.0,0,0,59.0,0.850502311
222,1/13/2015,Quarter2,sweing,Tuesday,9,0.8,26.16,1156.0,10620,75,0.0,0,0,59.0,0.850502311
223,1/13/2015,Quarter2,sweing,Tuesday,8,0.8,25.9,1211.0,10260,60,0.0,0,0,57.0,0.850252525
224,1/13/2015,Quarter2,sweing,Tuesday,7,0.8,25.9,1126.0,10170,60,0.0,0,0,56.5,0.850136766
227,1/13/2015,Quarter2,sweing,Tuesday,6,0.8,11.61,1004.0,5670,50,0.0,0,0,31.5,0.800246753
228,1/13/2015,Quarter2,sweing,Tuesday,12,0.8,11.61,1063.0,5670,50,0.0,0,0,31.5,0.800246753
229,1/13/2015,Quarter2,sweing,Tuesday,2,0.8,28.08,723.0,10530,50,0.0,0,0,58.5,0.8
230,1/13/2015,Quarter2,sweing,Tuesday,3,0.8,42.27,465.0,9900,54,0.0,0,0,55.0,0.705576584
234,1/13/2015,Quarter2,sweing,Tuesday,11,0.7,27.13,530.0,9540,37,0.0,0,0,53.0,0.582301029
235,1/13/2015,Quarter2,sweing,Tuesday,5,0.7,20.79,1297.0,10440,0,0.0,0,0,58.0,0.526810345
236,1/13/2015,Quarter2,sweing,Tuesday,4,0.5,22.4,783.0,10170,23,0.0,0,0,56.5,0.500380799
237,1/13/2015,Quarter2,sweing,Tuesday,10,0.35,22.4,715.0,10170,23,0.0,0,0,56.5,0.35020649
240,1/14/2015,Quarter2,sweing,Wednesday,7,0.8,25.9,1150.0,10170,70,0.0,0,0,56.5,0.900144811
244,1/14/2015,Quarter2,sweing,Wednesday,9,0.8,26.16,1232.0,10620,75,0.0,0,0,59.0,0.850502311
245,1/14/2015,Quarter2,sweing,Wednesday,8,0.8,25.9,1218.0,10170,60,0.0,0,0,56.5,0.850136766
248,1/14/2015,Quarter2,sweing,Wednesday,12,0.8,11.61,1159.0,2970,50,0.0,0,0,31.5,0.800313433
249,1/14/2015,Quarter2,sweing,Wednesday,6,0.8,11.61,972.0,5670,38,0.0,0,0,31.5,0.800246753
250,1/14/2015,Quarter2,sweing,Wednesday,1,0.8,26.16,1092.0,10620,63,0.0,0,0,59.0,0.800117103
251,1/14/2015,Quarter2,sweing,Wednesday,5,0.7,20.79,965.0,7320,0,0.0,0,0,58.0,0.700095563
253,1/14/2015,Quarter2,sweing,Wednesday,4,0.6,22.4,816.0,5100,23,0.0,0,0,57.0,0.600369686
254,1/14/2015,Quarter2,sweing,Wednesday,10,0.5,22.4,947.0,3390,23,0.0,0,0,56.5,0.499980334
255,1/14/2015,Quarter2,sweing,Wednesday,11,0.35,14.61,838.0,7200,23,0.0,0,0,55.0,0.35003125
257,1/14/2015,Quarter2,sweing,Wednesday,2,0.8,51.02,1086.0,4260,27,0.0,0,0,57.0,0.311207464
264,1/15/2015,Quarter3,sweing,Thursday,1,0.8,26.16,1160.0,10620,75,0.0,0,0,59.0,0.850502311
265,1/15/2015,Quarter3,sweing,Thursday,8,0.8,25.9,1177.0,8970,60,0.0,0,0,56.5,0.850415628
266,1/15/2015,Quarter3,sweing,Thursday,7,0.8,25.9,1281.0,10170,60,0.0,0,0,56.5,0.850136766
267,1/15/2015,Quarter3,sweing,Thursday,9,0.8,26.16,1369.0,10620,63,0.0,0,0,59.0,0.800117103
268,1/15/2015,Quarter3,sweing,Thursday,6,0.8,11.61,1084.0,4950,38,0.0,0,0,31.5,0.80003139
269,1/15/2015,Quarter3,sweing,Thursday,12,0.8,11.61,1216.0,4950,50,0.0,0,0,31.5,0.80003139
270,1/15/2015,Quarter3,sweing,Thursday,5,0.7,20.79,391.0,10440,0,0.0,0,0,58.0,0.700060345
272,1/15/2015,Quarter3,sweing,Thursday,3,0.5,22.52,1102.0,10170,30,0.0,0,0,56.5,0.660683293
273,1/15/2015,Quarter3,sweing,Thursday,4,0.65,22.52,872.0,10080,26,0.0,0,0,56.0,0.650130952
275,1/15/2015,Quarter3,sweing,Thursday,10,0.6,22.52,1076.0,10170,23,0.0,0,0,56.5,0.600291767
276,1/15/2015,Quarter3,sweing,Thursday,11,0.5,14.89,917.0,9900,30,0.0,0,0,55.0,0.500025069
277,1/15/2015,Quarter3,sweing,Thursday,2,0.5,22.94,1044.0,9810,23,0.0,0,0,54.5,0.499998888
283,1/17/2015,Quarter3,sweing,Saturday,6,0.8,11.41,1067.0,5490,63,0.0,0,0,30.5,0.800343766
284,1/17/2015,Quarter3,sweing,Saturday,12,0.8,11.61,1039.0,5670,63,0.0,0,0,31.5,0.800246753
285,1/17/2015,Quarter3,sweing,Saturday,7,0.8,25.9,1396.0,10170,50,0.0,0,0,56.5,0.800128721
286,1/17/2015,Quarter3,sweing,Saturday,8,0.8,25.9,1292.0,10170,50,0.0,0,0,56.5,0.800128721
287,1/17/2015,Quarter3,sweing,Saturday,1,0.8,48.68,171.0,10620,63,0.0,0,0,59.0,0.800117103
288,1/17/2015,Quarter3,sweing,Saturday,9,0.8,26.16,1128.0,10620,63,0.0,0,0,59.0,0.800117103
289,1/17/2015,Quarter3,sweing,Saturday,2,0.6,22.94,865.0,6570,23,0.0,0,0,56.5,0.77011398
290,1/17/2015,Quarter3,sweing,Saturday,4,0.7,22.52,825.0,10170,50,0.0,0,0,56.5,0.7005417
293,1/17/2015,Quarter3,sweing,Saturday,10,0.65,22.52,1163.0,9720,35,0.0,0,0,54.0,0.650198653
294,1/17/2015,Quarter3,sweing,Saturday,3,0.6,22.52,1140.0,10170,30,0.0,0,0,56.5,0.600291767
295,1/17/2015,Quarter3,sweing,Saturday,11,0.6,14.89,1027.0,10080,38,0.0,0,0,56.0,0.600273268
297,1/17/2015,Quarter3,sweing,Saturday,5,0.7,41.19,1052.0,10440,21,0.0,0,0,58.0,0.452012539
302,1/18/2015,Quarter3,sweing,Sunday,6,0.8,11.41,1140.0,5490,63,0.0,0,0,30.5,0.800343766
303,1/18/2015,Quarter3,sweing,Sunday,7,0.8,48.84,624.0,10170,50,0.0,0,0,56.5,0.800128721
304,1/18/2015,Quarter3,sweing,Sunday,8,0.8,25.9,1288.0,10170,38,0.0,0,0,56.5,0.800128721
305,1/18/2015,Quarter3,sweing,Sunday,9,0.8,26.16,1381.0,3660,50,0.0,0,0,59.0,0.800015009
306,1/18/2015,Quarter3,sweing,Sunday,4,0.7,22.52,882.0,10170,50,0.0,0,0,56.5,0.7005417
307,1/18/2015,Quarter3,sweing,Sunday,10,0.7,22.52,1002.0,10080,40,0.0,0,0,56.0,0.700094156
309,1/18/2015,Quarter3,sweing,Sunday,12,0.8,26.87,585.0,5670,56,0.0,0,0,31.5,0.662255892
310,1/18/2015,Quarter3,sweing,Sunday,3,0.65,22.52,1138.0,10170,35,0.0,0,0,56.5,0.650416734
311,1/18/2015,Quarter3,sweing,Sunday,11,0.65,14.89,1140.0,10260,44,0.0,0,0,57.0,0.650299575
312,1/18/2015,Quarter3,sweing,Sunday,2,0.65,22.94,1025.0,10170,26,0.0,0,0,56.5,0.650243497
314,1/18/2015,Quarter3,sweing,Sunday,5,0.6,20.4,1031.0,10440,30,0.0,0,0,58.0,0.600062696
316,1/18/2015,Quarter3,sweing,Sunday,1,0.8,49.1,1381.0,10350,24,0.0,0,0,57.5,0.403242161
321,1/19/2015,Quarter3,sweing,Monday,6,0.8,11.41,1028.0,4380,50,0.0,0,0,31.0,0.800358775
322,1/19/2015,Quarter3,sweing,Monday,8,0.8,25.9,1380.0,3630,50,0.0,0,0,56.5,0.800162602
323,1/19/2015,Quarter3,sweing,Monday,9,0.8,26.16,1196.0,10620,63,0.0,0,0,59.0,0.800117103
325,1/19/2015,Quarter3,sweing,Monday,2,0.7,22.94,1006.0,10170,38,0.0,0,0,56.5,0.750517565
326,1/19/2015,Quarter3,sweing,Monday,4,0.7,22.52,930.0,10260,63,0.0,0,0,57.0,0.750068049
327,1/19/2015,Quarter3,sweing,Monday,3,0.7,22.52,1095.0,10170,50,0.0,0,0,56.5,0.750062751
328,1/19/2015,Quarter3,sweing,Monday,10,0.7,22.52,938.0,10080,63,0.0,0,0,56.0,0.750057359
329,1/19/2015,Quarter3,sweing,Monday,11,0.7,14.89,1484.0,10260,50,0.0,0,0,57.0,0.700170388
331,1/19/2015,Quarter3,sweing,Monday,5,0.65,20.4,1255.0,8280,35,0.0,0,0,58.0,0.650066445
332,1/19/2015,Quarter3,sweing,Monday,7,0.8,48.84,1040.0,10260,30,0.0,0,0,57.0,0.576460393
333,1/19/2015,Quarter3,sweing,Monday,1,0.5,22.94,1492.0,10170,30,0.0,0,0,56.5,0.549969429
336,1/19/2015,Quarter3,sweing,Monday,12,0.35,15.26,1111.0,6120,23,0.0,0,0,34.0,0.35021836
338,1/20/2015,Quarter3,sweing,Tuesday,6,0.8,11.41,1047.0,5580,63,0.0,0,0,31.0,0.800261486
339,1/20/2015,Quarter3,sweing,Tuesday,8,0.8,25.9,1434.0,10170,50,0.0,0,0,56.5,0.800128721
340,1/20/2015,Quarter3,sweing,Tuesday,9,0.8,26.16,399.0,10620,63,0.0,0,0,59.0,0.800117103
341,1/20/2015,Quarter3,sweing,Tuesday,4,0.7,22.52,983.0,10260,63,0.0,0,0,57.0,0.750068049
342,1/20/2015,Quarter3,sweing,Tuesday,10,0.7,22.52,1108.0,10080,63,0.0,0,0,56.0,0.750057359
343,1/20/2015,Quarter3,sweing,Tuesday,3,0.7,22.52,1134.0,8460,50,0.0,0,0,57.0,0.750037968
344,1/20/2015,Quarter3,sweing,Tuesday,2,0.7,22.94,1363.0,10260,50,0.0,0,0,57.0,0.750031898
346,1/20/2015,Quarter3,sweing,Tuesday,11,0.7,14.89,1501.0,10260,50,0.0,0,0,57.0,0.700170388
347,1/20/2015,Quarter3,sweing,Tuesday,5,0.7,20.4,1352.0,10260,50,0.0,0,0,57.0,0.700063796
349,1/20/2015,Quarter3,sweing,Tuesday,12,0.5,15.26,1352.0,3720,23,0.0,0,0,34.0,0.500290419
350,1/20/2015,Quarter3,sweing,Tuesday,7,0.35,22.94,1450.0,10080,30,0.0,0,0,56.0,0.400332792
354,1/21/2015,Quarter3,sweing,Wednesday,4,0.75,22.52,825.0,10080,94,0.0,0,0,56.0,0.900556277
355,1/21/2015,Quarter3,sweing,Wednesday,6,0.8,11.61,916.0,5760,75,0.0,0,0,89.0,0.850410511
357,1/21/2015,Quarter3,sweing,Wednesday,8,0.8,25.9,562.0,7470,38,0.0,0,0,56.5,0.800436542
358,1/21/2015,Quarter3,sweing,Wednesday,2,0.7,22.94,1422.0,10500,60,0.0,0,0,57.0,0.800415742
359,1/21/2015,Quarter3,sweing,Wednesday,10,0.7,22.52,1206.0,10080,75,0.0,0,0,56.0,0.800020563
361,1/21/2015,Quarter3,sweing,Wednesday,5,0.7,20.4,1404.0,10440,50,0.0,0,0,58.0,0.750344828
362,1/21/2015,Quarter3,sweing,Wednesday,3,0.7,22.52,1139.0,10260,63,0.0,0,0,57.0,0.750068049
363,1/21/2015,Quarter3,sweing,Wednesday,11,0.7,14.89,1735.0,10260,50,0.0,0,0,57.0,0.700170388
364,1/21/2015,Quarter3,sweing,Wednesday,1,0.65,22.94,1595.0,10260,34,0.0,0,0,57.0,0.700029771
365,1/21/2015,Quarter3,sweing,Wednesday,12,0.6,15.26,1245.0,6360,23,0.0,0,0,34.0,0.60017284
367,1/21/2015,Quarter3,sweing,Wednesday,9,0.8,54.56,757.0,4140,29,0.0,0,0,58.0,0.520237649
369,1/21/2015,Quarter3,sweing,Wednesday,7,0.5,22.52,1720.0,10080,23,0.0,0,0,56.0,0.500241342
373,1/22/2015,Quarter4,sweing,Thursday,4,0.75,22.52,759.0,10080,81,0.0,0,0,56.0,0.849983766
374,1/22/2015,Quarter4,sweing,Thursday,2,0.7,22.94,1510.0,10620,60,0.0,0,0,57.0,0.800302791
375,1/22/2015,Quarter4,sweing,Thursday,6,0.8,11.61,955.0,6360,63,0.0,0,0,32.0,0.800191989
376,1/22/2015,Quarter4,sweing,Thursday,10,0.75,22.52,1328.0,10080,55,0.0,0,0,56.0,0.800020563
377,1/22/2015,Quarter4,sweing,Thursday,1,0.7,22.94,1384.0,12180,63,0.0,0,0,57.0,0.750162367
378,1/22/2015,Quarter4,sweing,Thursday,3,0.7,22.52,1244.0,10260,63,0.0,0,0,57.0,0.750068049
380,1/22/2015,Quarter4,sweing,Thursday,5,0.7,20.4,1480.0,10440,40,0.0,0,0,58.0,0.700250784
381,1/22/2015,Quarter4,sweing,Thursday,11,0.7,14.89,1863.0,10260,50,0.0,0,0,57.0,0.700170388
386,1/22/2015,Quarter4,sweing,Thursday,12,0.6,15.26,1492.0,6960,23,0.0,0,0,34.0,0.600436426
387,1/22/2015,Quarter4,sweing,Thursday,7,0.6,22.52,1859.0,10260,23,0.0,0,0,57.0,0.60041361
388,1/22/2015,Quarter4,sweing,Thursday,8,0.8,40.99,980.0,10770,30,0.0,0,0,56.5,0.555500132
389,1/22/2015,Quarter4,sweing,Thursday,9,0.5,29.12,970.0,10440,30,0.0,0,0,58.0,0.500547544
396,1/24/2015,Quarter4,sweing,Saturday,2,0.75,22.94,1606.0,10260,94,0.0,0,0,57.0,0.90064806
397,1/24/2015,Quarter4,sweing,Saturday,4,0.75,22.52,727.0,10260,94,0.0,0,0,57.0,0.900321106
402,1/24/2015,Quarter4,sweing,Saturday,1,0.7,22.94,1472.0,10260,75,0.0,0,0,57.0,0.800643806
403,1/24/2015,Quarter4,sweing,Saturday,10,0.75,22.52,1332.0,10080,69,0.0,0,0,56.0,0.80062987
404,1/24/2015,Quarter4,sweing,Saturday,6,0.8,11.61,1009.0,5640,63,0.0,0,0,32.0,0.800537143
405,1/24/2015,Quarter4,sweing,Saturday,3,0.75,22.52,1266.0,10260,69,0.0,0,0,57.0,0.80035194
406,1/24/2015,Quarter4,sweing,Saturday,12,0.75,15.26,1316.0,6120,40,0.0,0,0,34.0,0.750079323
407,1/24/2015,Quarter4,sweing,Saturday,11,0.75,42.97,1282.0,10260,56,0.0,0,0,57.0,0.750041201
408,1/24/2015,Quarter4,sweing,Saturday,5,0.7,20.4,1382.0,10440,50,0.0,0,0,58.0,0.700250784
410,1/24/2015,Quarter4,sweing,Saturday,7,0.65,22.52,1295.0,10170,26,0.0,0,0,56.5,0.650416734
411,1/24/2015,Quarter4,sweing,Saturday,9,0.6,29.12,925.0,6660,23,0.0,0,0,58.0,0.600125217
414,1/24/2015,Quarter4,sweing,Saturday,8,0.35,15.09,1448.0,9360,23,0.0,0,0,52.0,0.34998951
422,1/25/2015,Quarter4,sweing,Sunday,4,0.75,22.52,867.0,10260,94,0.0,0,0,57.0,0.900321106
423,1/25/2015,Quarter4,sweing,Sunday,2,0.75,22.94,1636.0,10530,81,0.0,0,0,58.5,0.850223776
424,1/25/2015,Quarter4,sweing,Sunday,1,0.7,22.94,1682.0,10530,75,0.0,0,0,58.5,0.800909609
425,1/25/2015,Quarter4,sweing,Sunday,3,0.75,22.52,1495.0,10350,55,0.0,0,0,57.5,0.800513307
426,1/25/2015,Quarter4,sweing,Sunday,6,0.8,11.61,1181.0,5760,63,0.0,0,0,32.0,0.800386364
427,1/25/2015,Quarter4,sweing,Sunday,10,0.75,22.52,1413.0,10080,69,0.0,0,0,56.0,0.800020563
429,1/25/2015,Quarter4,sweing,Sunday,7,0.7,22.52,360.0,10170,40,0.0,0,0,56.5,0.7005417
430,1/25/2015,Quarter4,sweing,Sunday,12,0.7,15.26,1296.0,6120,40,0.0,0,0,34.0,0.70043672
431,1/25/2015,Quarter4,sweing,Sunday,5,0.7,20.4,1217.0,10440,50,0.0,0,0,58.0,0.700250784
432,1/25/2015,Quarter4,sweing,Sunday,9,0.65,29.12,1086.0,10440,26,0.0,0,0,58.0,0.650407524
434,1/25/2015,Quarter4,sweing,Sunday,11,0.75,42.97,532.0,10260,40,0.0,0,0,57.0,0.59114168
435,1/25/2015,Quarter4,sweing,Sunday,8,0.5,15.09,1557.0,720,23,0.0,0,0,52.0,0.500061916
443,1/26/2015,Quarter4,sweing,Monday,4,0.8,22.52,1016.0,10170,60,0.0,0,0,56.5,0.850312684
444,1/26/2015,Quarter4,sweing,Monday,6,0.8,11.61,1072.0,5760,50,0.0,0,0,32.0,0.800386364
445,1/26/2015,Quarter4,sweing,Monday,3,0.75,22.52,1584.0,10260,69,0.0,0,0,57.0,0.80035194
446,1/26/2015,Quarter4,sweing,Monday,2,0.75,22.94,1764.0,10260,55,0.0,0,0,57.0,0.800034024
447,1/26/2015,Quarter4,sweing,Monday,1,0.7,22.94,1745.0,10440,60,0.0,0,0,58.0,0.800023511
448,1/26/2015,Quarter4,sweing,Monday,10,0.75,22.52,1250.0,10080,55,0.0,0,0,56.0,0.800020563
450,1/26/2015,Quarter4,sweing,Monday,5,0.75,20.4,1118.0,10320,56,0.0,0,0,58.0,0.750031447
451,1/26/2015,Quarter4,sweing,Monday,9,0.7,29.12,1143.0,10440,40,0.0,0,0,58.0,0.70061442
452,1/26/2015,Quarter4,sweing,Monday,12,0.7,15.26,1337.0,6120,40,0.0,0,0,34.0,0.70043672
454,1/26/2015,Quarter4,sweing,Monday,8,0.6,15.09,1519.0,360,23,0.0,0,0,52.0,0.600143365
455,1/26/2015,Quarter4,sweing,Monday,11,0.35,28.08,749.0,10260,23,0.0,0,0,57.0,0.350066986
456,1/27/2015,Quarter4,sweing,Tuesday,2,0.75,22.52,1635.0,6840,119,0.0,0,0,57.0,1.000230409
457,1/27/2015,Quarter4,sweing,Tuesday,3,0.75,22.52,1299.0,6840,119,0.0,0,0,57.0,1.000230409
461,1/27/2015,Quarter4,sweing,Tuesday,10,0.8,22.52,1134.0,6720,70,0.0,0,0,56.0,0.900129762
463,1/27/2015,Quarter4,sweing,Tuesday,4,0.8,22.52,1106.0,6780,60,0.0,0,0,56.5,0.850312684
467,1/27/2015,Quarter4,sweing,Tuesday,1,0.75,22.94,1871.0,6960,55,0.0,0,0,58.0,0.800263218
470,1/27/2015,Quarter4,sweing,Tuesday,9,0.7,29.12,1294.0,6960,50,0.0,0,0,58.0,0.700386207
471,1/27/2015,Quarter4,sweing,Tuesday,12,0.7,15.26,1462.0,4080,40,0.0,0,0,34.0,0.700164706
472,1/27/2015,Quarter4,sweing,Tuesday,8,0.65,15.09,976.0,240,23,0.0,0,0,52.0,0.650307143
473,1/27/2015,Quarter4,sweing,Tuesday,6,0.8,30.4,338.0,3840,34,0.0,0,0,32.0,0.622828125
475,1/27/2015,Quarter4,sweing,Tuesday,5,0.5,20.79,1455.0,6960,30,0.0,0,0,58.0,0.500035345
476,1/27/2015,Quarter4,sweing,Tuesday,11,0.5,48.18,1282.0,6480,23,0.0,0,0,54.0,0.37046657
477,1/28/2015,Quarter4,sweing,Wednesday,2,0.8,22.52,1559.0,6840,90,0.0,0,0,57.0,1.000230409
478,1/28/2015,Quarter4,sweing,Wednesday,3,0.8,22.52,1350.0,6840,113,0.0,0,0,57.0,1.000230409
482,1/28/2015,Quarter4,sweing,Wednesday,10,0.8,22.52,1175.0,6720,60,0.0,0,0,56.0,0.850532143
483,1/28/2015,Quarter4,sweing,Wednesday,1,0.75,22.94,1868.0,6960,81,0.0,0,0,58.0,0.850362069
485,1/28/2015,Quarter4,sweing,Wednesday,5,0.6,20.79,1045.0,6960,88,0.0,0,0,58.0,0.800534483
486,1/28/2015,Quarter4,sweing,Wednesday,4,0.8,22.52,1342.0,6780,50,0.0,0,0,56.5,0.800489676
488,1/28/2015,Quarter4,sweing,Wednesday,9,0.7,29.12,1340.0,6960,63,0.0,0,0,58.0,0.750593103
489,1/28/2015,Quarter4,sweing,Wednesday,12,0.75,15.26,1429.0,3600,45,0.0,0,0,35.0,0.750283333
492,1/28/2015,Quarter4,sweing,Wednesday,11,0.5,20.1,1413.0,5880,46,0.0,0,0,54.0,0.500567308
493,1/28/2015,Quarter4,sweing,Wednesday,8,0.7,38.09,336.0,6240,0,0.0,0,0,52.0,0.467693269
494,1/28/2015,Quarter4,sweing,Wednesday,6,0.35,18.79,511.0,1800,23,0.0,0,0,32.0,0.437995338
496,1/28/2015,Quarter4,sweing,Wednesday,7,0.6,23.54,958.0,6600,0,0.0,0,0,55.0,0.285333333
498,1/29/2015,Quarter5,sweing,Thursday,2,0.8,22.52,1416.0,6840,113,0.0,0,0,57.0,1.000230409
500,1/29/2015,Quarter5,sweing,Thursday,3,0.8,22.52,1287.0,6840,100,0.0,0,0,57.0,0.950185965
501,1/29/2015,Quarter5,sweing,Thursday,4,0.8,22.52,1444.0,6900,88,0.0,0,0,57.5,0.9008
502,1/29/2015,Quarter5,sweing,Thursday,10,0.8,22.52,1088.0,6720,88,0.0,0,0,56.0,0.900129762
508,1/29/2015,Quarter5,sweing,Thursday,1,0.75,22.94,1579.0,6960,81,0.0,0,0,58.0,0.850362069
509,1/29/2015,Quarter5,sweing,Thursday,9,0.7,29.12,1170.0,6960,53,0.0,0,0,58.0,0.850170115
510,1/29/2015,Quarter5,sweing,Thursday,5,0.65,20.79,1015.0,7080,81,0.0,0,0,59.0,0.800473729
512,1/29/2015,Quarter5,sweing,Thursday,12,0.75,15.26,1436.0,4200,45,0.0,0,0,35.0,0.750646667
514,1/29/2015,Quarter5,sweing,Thursday,11,0.6,20.1,1601.0,4320,46,0.0,0,0,51.0,0.60059761
515,1/29/2015,Quarter5,sweing,Thursday,6,0.5,18.79,717.0,3960,23,0.0,0,0,33.0,0.500117677
517,1/29/2015,Quarter5,sweing,Thursday,7,0.65,23.54,830.0,6600,0,0.0,0,0,55.0,0.48792
518,1/31/2015,Quarter5,sweing,Saturday,3,0.8,22.52,1136.0,6960,113,0.0,0,0,58.0,1.000457471
519,1/31/2015,Quarter5,sweing,Saturday,2,0.8,22.52,1397.0,6840,113,0.0,0,0,57.0,1.000230409
532,1/31/2015,Quarter5,sweing,Saturday,10,0.8,22.52,1116.0,6720,93,0.0,0,0,56.0,0.920236905
533,1/31/2015,Quarter5,sweing,Saturday,4,0.8,22.52,1432.0,6660,88,0.0,0,0,57.5,0.900537069
534,1/31/2015,Quarter5,sweing,Saturday,9,0.75,29.12,1082.0,6840,81,0.0,0,0,57.0,0.850610526
535,1/31/2015,Quarter5,sweing,Saturday,1,0.75,22.94,1502.0,6960,81,0.0,0,0,58.0,0.850362069
536,1/31/2015,Quarter5,sweing,Saturday,12,0.75,15.26,1209.0,4200,45,0.0,0,0,35.0,0.750646667
537,1/31/2015,Quarter5,sweing,Saturday,5,0.7,50.89,282.0,5880,56,0.0,0,0,59.0,0.656763743
538,1/31/2015,Quarter5,sweing,Saturday,11,0.65,20.1,1417.0,6480,49,0.0,0,0,54.0,0.650148148
539,1/31/2015,Quarter5,sweing,Saturday,6,0.6,18.79,799.0,3960,23,0.0,0,0,33.0,0.600710606
540,1/31/2015,Quarter5,sweing,Saturday,7,0.7,23.54,1109.0,6720,0,0.0,0,0,56.0,0.388830357
541,1/31/2015,Quarter5,sweing,Saturday,8,0.5,23.54,1144.0,6480,0,0.0,0,0,54.0,0.286984568
543,2/1/2015,Quarter1,sweing,Sunday,2,0.8,22.52,1396.0,6900,113,0.0,0,0,57.5,1.000671304
544,2/1/2015,Quarter1,sweing,Sunday,1,0.8,22.94,1582.0,3060,113,0.0,0,0,58.5,1.000402055
546,2/1/2015,Quarter1,sweing,Sunday,3,0.8,22.52,1124.0,6840,100,0.0,0,0,57.0,0.950185965
550,2/1/2015,Quarter1,sweing,Sunday,10,0.8,22.52,1282.0,6720,75,0.0,0,0,56.0,0.850532143
551,2/1/2015,Quarter1,sweing,Sunday,4,0.8,22.52,1472.0,7020,60,0.0,0,0,58.5,0.85011396
553,2/1/2015,Quarter1,sweing,Sunday,9,0.75,29.12,1282.0,6960,45,0.0,0,0,58.0,0.750593103
554,2/1/2015,Quarter1,sweing,Sunday,12,0.75,15.26,1276.0,1440,45,0.0,0,0,35.0,0.750450658
556,2/1/2015,Quarter1,sweing,Sunday,11,0.7,20.1,1192.0,6120,75,0.0,0,0,54.0,0.700508929
557,2/1/2015,Quarter1,sweing,Sunday,6,0.65,18.79,881.0,3960,26,0.0,0,0,33.0,0.651007071
558,2/1/2015,Quarter1,sweing,Sunday,8,0.6,24.26,1196.0,6600,0,0.0,0,0,55.0,0.466821212
559,2/1/2015,Quarter1,sweing,Sunday,7,0.7,24.26,1400.0,6720,0,0.0,0,0,56.0,0.411553571
561,2/2/2015,Quarter1,sweing,Monday,1,0.8,22.94,16882.0,7020,113,0.0,0,0,58.5,1.000602279
563,2/2/2015,Quarter1,sweing,Monday,2,0.8,22.52,21385.0,7020,88,0.0,0,0,58.5,0.900158405
564,2/2/2015,Quarter1,sweing,Monday,3,0.8,22.52,21266.0,6840,70,0.0,0,0,57.0,0.90014152
565,2/2/2015,Quarter1,sweing,Monday,10,0.8,22.52,21540.0,6720,88,0.0,0,0,56.0,0.900129762
568,2/2/2015,Quarter1,sweing,Monday,12,0.8,15.26,12261.0,3600,63,0.0,0,0,35.0,0.800401961
569,2/2/2015,Quarter1,sweing,Monday,4,0.8,22.52,23122.0,5940,50,0.0,0,0,56.5,0.800393224
570,2/2/2015,Quarter1,sweing,Monday,9,0.75,29.12,8992.0,6960,55,0.0,0,0,58.0,0.799963218
572,2/2/2015,Quarter1,sweing,Monday,11,0.7,20.55,9792.0,6480,60,0.0,0,0,54.0,0.700398148
573,2/2/2015,Quarter1,sweing,Monday,6,0.7,18.79,2984.0,3960,30,0.0,0,0,33.0,0.700354545
576,2/2/2015,Quarter1,sweing,Monday,5,0.5,30.1,839.0,6960,0,0.0,0,0,58.0,0.500801724
577,2/2/2015,Quarter1,sweing,Monday,7,0.7,24.26,2698.0,6720,0,0.0,0,0,56.0,0.295307738
579,2/2/2015,Quarter1,sweing,Monday,8,0.65,24.26,1435.0,6600,0,0.0,0,0,55.0,0.260978788
581,2/3/2015,Quarter1,sweing,Tuesday,1,0.8,22.52,1500.0,6900,113,0.0,0,0,57.5,1.000018551
582,2/3/2015,Quarter1,sweing,Tuesday,10,0.8,22.52,1188.0,6720,90,0.0,0,0,56.0,0.999995238
585,2/3/2015,Quarter1,sweing,Tuesday,3,0.8,22.52,1112.0,6840,100,0.0,0,0,57.0,0.950185965
586,2/3/2015,Quarter1,sweing,Tuesday,2,0.8,22.52,1452.0,6960,100,0.0,0,0,58.0,0.949981609
588,2/3/2015,Quarter1,sweing,Tuesday,4,0.8,22.52,340.0,5460,63,0.0,0,0,56.5,0.800434622
589,2/3/2015,Quarter1,sweing,Tuesday,12,0.8,15.26,1029.0,2040,50,0.0,0,0,35.0,0.800259023
591,2/3/2015,Quarter1,sweing,Tuesday,9,0.75,29.12,1070.0,6960,34,0.0,0,0,58.0,0.750593103
592,2/3/2015,Quarter1,sweing,Tuesday,11,0.7,25.31,946.0,5760,60,0.0,0,0,54.0,0.700513566
593,2/3/2015,Quarter1,sweing,Tuesday,6,0.7,18.79,913.0,4020,30,0.0,0,0,33.5,0.700184577
594,2/3/2015,Quarter1,sweing,Tuesday,8,0.7,24.26,1363.0,6660,0,0.0,0,0,55.5,0.586465465
595,2/3/2015,Quarter1,sweing,Tuesday,7,0.7,24.26,1639.0,6720,0,0.0,0,0,56.0,0.541517857
598,2/3/2015,Quarter1,sweing,Tuesday,5,0.6,30.1,415.0,6960,0,0.0,0,0,58.0,0.415172414
599,2/4/2015,Quarter1,sweing,Wednesday,2,0.8,22.52,1263.0,6900,100,0.0,0,0,57.5,1.05028058
600,2/4/2015,Quarter1,sweing,Wednesday,3,0.8,22.52,968.0,6840,113,0.0,0,0,57.0,1.000230409
601,2/4/2015,Quarter1,sweing,Wednesday,10,0.8,22.52,1108.0,6720,113,0.0,0,0,56.0,0.999995238
605,2/4/2015,Quarter1,sweing,Wednesday,1,0.8,22.52,1532.0,6900,88,0.0,0,0,57.5,0.900147246
606,2/4/2015,Quarter1,sweing,Wednesday,12,0.8,15.26,1094.0,4080,38,0.0,0,0,34.0,0.800401961
607,2/4/2015,Quarter1,sweing,Wednesday,9,0.8,22.52,1086.0,6960,50,0.0,0,0,58.0,0.799963218
610,2/4/2015,Quarter1,sweing,Wednesday,6,0.7,18.79,941.0,3360,30,0.0,0,0,33.0,0.700710417
611,2/4/2015,Quarter1,sweing,Wednesday,7,0.7,24.26,1471.0,6960,0,0.0,0,0,58.0,0.700612069
612,2/4/2015,Quarter1,sweing,Wednesday,11,0.7,10.05,1042.0,6120,60,0.0,0,0,53.0,0.700278846
613,2/4/2015,Quarter1,sweing,Wednesday,8,0.7,29.12,1248.0,6840,0,0.0,0,0,57.0,0.700135088
615,2/4/2015,Quarter1,sweing,Wednesday,5,0.65,30.1,326.0,5820,0,90.0,10,0,58.5,0.650834808
617,2/4/2015,Quarter1,sweing,Wednesday,4,0.35,30.1,287.0,6060,23,150.0,15,0,55.5,0.350706422
618,2/5/2015,Quarter1,sweing,Thursday,2,0.8,22.52,1300.0,6780,113,0.0,0,0,56.5,1.000446018
619,2/5/2015,Quarter1,sweing,Thursday,1,0.8,22.52,1485.0,6900,113,0.0,0,0,57.5,1.000018551
620,2/5/2015,Quarter1,sweing,Thursday,10,0.8,22.52,1039.0,6720,113,0.0,0,0,56.0,0.999995238
622,2/5/2015,Quarter1,sweing,Thursday,3,0.8,22.52,1063.0,6840,100,0.0,0,0,57.0,0.950185965
627,2/5/2015,Quarter1,sweing,Thursday,12,0.8,15.26,1083.0,720,38,0.0,0,0,34.0,0.800612676
628,2/5/2015,Quarter1,sweing,Thursday,9,0.8,29.12,1069.0,6960,50,0.0,0,0,58.0,0.799963218
630,2/5/2015,Quarter1,sweing,Thursday,11,0.75,10.05,668.0,2520,34,0.0,0,0,26.0,0.7504
631,2/5/2015,Quarter1,sweing,Thursday,6,0.7,18.79,766.0,2760,30,0.0,0,0,33.0,0.700079032
632,2/5/2015,Quarter1,sweing,Thursday,5,0.7,30.1,557.0,6960,0,0.0,0,0,58.0,0.562212644
633,2/5/2015,Quarter1,sweing,Thursday,7,0.07,24.26,1608.0,6960,0,0.0,0,0,58.0,0.522844828
634,2/5/2015,Quarter1,sweing,Thursday,4,0.5,30.1,417.0,6360,23,0.0,0,1,53.0,0.500720126
635,2/5/2015,Quarter1,sweing,Thursday,8,0.7,24.26,1167.0,6840,0,0.0,0,0,57.0,0.496549708
637,2/7/2015,Quarter1,sweing,Saturday,2,0.8,22.52,1186.0,6900,113,0.0,0,0,58.0,1.000018551
638,2/7/2015,Quarter1,sweing,Saturday,3,0.8,22.52,1060.0,6840,100,0.0,0,0,57.0,0.950185965
639,2/7/2015,Quarter1,sweing,Saturday,1,0.8,22.52,1534.0,6780,88,0.0,0,0,57.0,0.900135693
640,2/7/2015,Quarter1,sweing,Saturday,10,0.8,22.52,1142.0,6720,88,0.0,0,0,56.0,0.900129762
644,2/7/2015,Quarter1,sweing,Saturday,12,0.8,15.26,1021.0,4080,63,0.0,0,0,34.0,0.800401961
645,2/7/2015,Quarter1,sweing,Saturday,9,0.8,29.12,829.0,6960,50,0.0,0,0,58.0,0.799963218
647,2/7/2015,Quarter1,sweing,Saturday,6,0.75,18.79,813.0,1560,34,0.0,0,0,33.0,0.750520115
648,2/7/2015,Quarter1,sweing,Saturday,11,0.75,10.05,677.0,3240,45,0.0,0,0,27.0,0.750027778
650,2/7/2015,Quarter1,sweing,Saturday,7,0.7,24.26,658.0,6960,0,270.0,45,0,58.0,0.662270115
651,2/7/2015,Quarter1,sweing,Saturday,4,0.6,30.1,486.0,6780,30,0.0,0,1,57.0,0.600224189
652,2/7/2015,Quarter1,sweing,Saturday,5,0.7,30.1,687.0,7500,0,0.0,0,0,59.0,0.545657673
654,2/7/2015,Quarter1,sweing,Saturday,8,0.7,24.26,652.0,6840,0,300.0,37,0,57.0,0.365318713
655,2/8/2015,Quarter2,sweing,Sunday,2,0.8,22.52,1233.0,6900,113,0.0,0,0,57.5,1.000018551
657,2/8/2015,Quarter2,sweing,Sunday,10,0.8,22.52,1388.0,6720,88,0.0,0,0,56.0,0.9008
658,2/8/2015,Quarter2,sweing,Sunday,1,0.8,22.52,1615.0,6780,88,0.0,0,0,56.5,0.900135693
659,2/8/2015,Quarter2,sweing,Sunday,3,0.8,22.52,1283.0,6720,88,0.0,0,0,56.0,0.900129762
664,2/8/2015,Quarter2,sweing,Sunday,12,0.8,15.26,1026.0,2880,63,0.0,0,0,34.0,0.800355208
665,2/8/2015,Quarter2,sweing,Sunday,9,0.8,29.12,909.0,6960,50,0.0,0,0,58.0,0.799963218
666,2/8/2015,Quarter2,sweing,Sunday,6,0.75,18.79,670.0,3960,34,0.0,0,0,33.0,0.75065101
667,2/8/2015,Quarter2,sweing,Sunday,11,0.75,10.05,629.0,3240,45,0.0,0,0,27.0,0.750027778
668,2/8/2015,Quarter2,sweing,Sunday,5,0.7,30.1,754.0,7020,0,0.0,0,0,58.5,0.700618234
671,2/8/2015,Quarter2,sweing,Sunday,4,0.65,30.1,712.0,6780,44,0.0,0,1,56.5,0.568259587
672,2/8/2015,Quarter2,sweing,Sunday,7,0.7,24.26,148.0,6960,0,0.0,0,0,58.0,0.355534483
673,2/8/2015,Quarter2,sweing,Sunday,8,0.7,24.26,154.0,6840,0,0.0,0,0,57.0,0.353259649
676,2/9/2015,Quarter2,sweing,Monday,10,0.8,22.52,1127.0,120,88,0.0,0,0,56.0,0.9008
677,2/9/2015,Quarter2,sweing,Monday,1,0.8,22.52,1506.0,3600,70,0.0,0,0,57.0,0.900509044
678,2/9/2015,Quarter2,sweing,Monday,2,0.8,22.52,1413.0,360,70,0.0,0,0,57.0,0.900477825
680,2/9/2015,Quarter2,sweing,Monday,12,0.8,15.26,970.0,4080,63,0.0,0,0,34.0,0.800401961
681,2/9/2015,Quarter2,sweing,Monday,3,0.8,22.52,1271.0,5400,50,0.0,0,0,57.0,0.800161172
682,2/9/2015,Quarter2,sweing,Monday,9,0.8,29.12,1073.0,6960,50,0.0,0,0,58.0,0.799963218
683,2/9/2015,Quarter2,sweing,Monday,4,0.7,30.1,767.0,3300,50,0.0,0,1,57.0,0.790003236
684,2/9/2015,Quarter2,sweing,Monday,11,0.75,10.05,103.0,0,45,0.0,0,0,54.0,0.750648148
686,2/9/2015,Quarter2,sweing,Monday,5,0.7,30.1,773.0,7020,40,0.0,0,0,58.0,0.700618234
688,2/9/2015,Quarter2,sweing,Monday,6,0.75,18.79,708.0,4080,0,0.0,0,0,34.0,0.612517157
689,2/9/2015,Quarter2,sweing,Monday,7,0.35,30.1,842.0,6960,0,0.0,0,1,58.0,0.350301724
690,2/9/2015,Quarter2,sweing,Monday,8,0.35,30.1,901.0,6960,0,0.0,0,1,58.0,0.350301724
694,2/10/2015,Quarter2,sweing,Tuesday,10,0.8,22.52,1268.0,0,88,0.0,0,0,56.0,0.90063244
695,2/10/2015,Quarter2,sweing,Tuesday,1,0.8,22.52,1546.0,0,88,0.0,0,0,57.0,0.90047076
696,2/10/2015,Quarter2,sweing,Tuesday,3,0.8,22.52,813.0,0,88,0.0,0,0,57.0,0.90047076
697,2/10/2015,Quarter2,sweing,Tuesday,2,0.8,22.52,1512.0,0,88,0.0,0,0,57.0,0.899984058
699,2/10/2015,Quarter2,sweing,Tuesday,9,0.8,29.12,1263.0,2160,38,0.0,0,0,58.0,0.8008
700,2/10/2015,Quarter2,sweing,Tuesday,12,0.8,15.26,900.0,4080,50,0.0,0,0,34.0,0.800401961
702,2/10/2015,Quarter2,sweing,Tuesday,6,0.75,18.79,640.0,2400,0,0.0,0,0,34.0,0.750797009
703,2/10/2015,Quarter2,sweing,Tuesday,11,0.8,10.05,13.0,3240,34,0.0,0,0,54.0,0.750648148
704,2/10/2015,Quarter2,sweing,Tuesday,5,0.75,30.1,855.0,7020,45,0.0,0,0,58.0,0.750356125
706,2/10/2015,Quarter2,sweing,Tuesday,4,0.7,30.1,855.0,7020,40,0.0,0,1,58.0,0.700618234
709,2/10/2015,Quarter2,sweing,Tuesday,7,0.5,30.1,1025.0,6960,23,0.0,0,1,58.0,0.500801724
710,2/10/2015,Quarter2,sweing,Tuesday,8,0.5,30.1,1061.0,6960,30,0.0,0,1,58.0,0.393548851
713,2/11/2015,Quarter2,sweing,Wednesday,2,0.8,22.52,1557.0,0,90,0.0,0,0,57.5,1.000344928
714,2/11/2015,Quarter2,sweing,Wednesday,1,0.8,22.52,1498.0,0,113,0.0,0,0,57.0,1.000065789
718,2/11/2015,Quarter2,sweing,Wednesday,10,0.8,22.52,598.0,0,75,0.0,0,0,56.0,0.850364583
719,2/11/2015,Quarter2,sweing,Wednesday,6,0.8,18.79,656.0,3480,38,0.0,0,0,34.0,0.800947475
720,2/11/2015,Quarter2,sweing,Wednesday,12,0.8,15.26,854.0,4080,50,0.0,0,0,34.0,0.800401961
721,2/11/2015,Quarter2,sweing,Wednesday,9,0.8,29.12,609.0,3240,50,0.0,0,0,58.0,0.800144144
722,2/11/2015,Quarter2,sweing,Wednesday,5,0.75,30.1,788.0,7380,56,0.0,0,0,59.5,0.750406233
723,2/11/2015,Quarter2,sweing,Wednesday,8,0.6,30.1,1069.0,4560,30,0.0,0,1,58.0,0.714410494
724,2/11/2015,Quarter2,sweing,Wednesday,4,0.7,30.1,667.0,5940,40,0.0,0,1,59.5,0.700588406
726,2/11/2015,Quarter2,sweing,Wednesday,7,0.6,30.1,829.0,3360,23,0.0,0,1,58.0,0.600070513
728,2/11/2015,Quarter2,sweing,Wednesday,3,0.8,22.52,11.0,6840,0,0.0,0,1,57.0,0.536901754
729,2/11/2015,Quarter2,sweing,Wednesday,11,0.35,11.41,434.0,3240,0,0.0,0,1,52.0,0.507903226
730,2/12/2015,Quarter2,sweing,Thursday,1,0.8,22.52,1397.0,0,138,0.0,0,0,57.0,1.100483918
732,2/12/2015,Quarter2,sweing,Thursday,2,0.8,22.52,1327.0,0,113,0.0,0,0,57.5,1.000344928
734,2/12/2015,Quarter2,sweing,Thursday,12,0.8,15.26,894.0,4080,50,0.0,0,0,34.0,0.800401961
736,2/12/2015,Quarter2,sweing,Thursday,5,0.75,30.1,610.0,7080,56,0.0,0,0,59.0,0.750799435
737,2/12/2015,Quarter2,sweing,Thursday,6,0.8,18.79,779.0,3960,0,0.0,0,0,33.0,0.688017677
740,2/12/2015,Quarter2,sweing,Thursday,4,0.7,30.1,419.0,7080,0,0.0,0,1,59.0,0.637711864
743,2/12/2015,Quarter2,sweing,Thursday,7,0.65,30.1,909.0,7080,0,0.0,0,1,59.0,0.535677966
744,2/12/2015,Quarter2,sweing,Thursday,11,0.5,11.41,1039.0,2280,0,0.0,0,2,55.0,0.50012336
745,2/12/2015,Quarter2,sweing,Thursday,9,0.8,29.12,14.0,6960,0,0.0,0,0,58.0,0.497885057
746,2/12/2015,Quarter2,sweing,Thursday,8,0.65,30.1,1193.0,7080,0,0.0,0,1,59.0,0.463403955
747,2/12/2015,Quarter2,sweing,Thursday,10,0.8,22.52,10.0,6000,0,0.0,0,0,50.0,0.441392
748,2/12/2015,Quarter2,sweing,Thursday,3,0.35,30.1,770.0,6960,0,0.0,0,1,58.0,0.350301724
749,2/14/2015,Quarter2,sweing,Saturday,1,0.8,22.52,1416.0,6840,113,0.0,0,0,57.0,1.000230409
753,2/14/2015,Quarter2,sweing,Saturday,12,0.8,15.26,942.0,4080,63,0.0,0,0,34.0,0.800401961
754,2/14/2015,Quarter2,sweing,Saturday,2,0.8,22.52,674.0,3660,63,0.0,0,0,57.0,0.80037492
756,2/14/2015,Quarter2,sweing,Saturday,4,0.75,30.1,481.0,7140,0,0.0,0,1,59.0,0.750392157
757,2/14/2015,Quarter2,sweing,Saturday,5,0.75,30.1,664.0,7140,56,0.0,0,0,59.0,0.750392157
759,2/14/2015,Quarter2,sweing,Saturday,8,0.7,30.1,824.0,5160,0,0.0,0,1,60.0,0.700206125
760,2/14/2015,Quarter2,sweing,Saturday,7,0.7,30.1,957.0,7200,0,0.0,0,1,60.0,0.602
761,2/14/2015,Quarter2,sweing,Saturday,11,0.6,11.41,1039.0,2280,23,0.0,0,2,55.0,0.600447507
762,2/14/2015,Quarter2,sweing,Saturday,6,0.8,18.79,822.0,4080,0,0.0,0,0,34.0,0.557252451
763,2/14/2015,Quarter2,sweing,Saturday,3,0.5,30.1,1261.0,6960,30,0.0,0,1,58.0,0.500801724
768,2/15/2015,Quarter3,sweing,Sunday,1,0.8,22.52,1420.0,6840,113,0.0,0,0,57.0,1.000230409
770,2/15/2015,Quarter3,sweing,Sunday,12,0.8,15.26,1120.0,1440,50,0.0,0,0,34.0,0.800806306
772,2/15/2015,Quarter3,sweing,Sunday,5,0.8,30.1,679.0,7140,0,0.0,0,0,59.5,0.722568627
774,2/15/2015,Quarter3,sweing,Sunday,7,0.7,30.1,881.0,7080,0,0.0,0,1,59.0,0.700632768
775,2/15/2015,Quarter3,sweing,Sunday,8,0.7,30.1,507.0,5880,40,2.0,10,1,59.0,0.700573099
776,2/15/2015,Quarter3,sweing,Sunday,6,0.75,18.79,814.0,4080,0,0.0,0,0,34.0,0.681598039
777,2/15/2015,Quarter3,sweing,Sunday,11,0.65,11.41,700.0,2640,23,0.0,0,2,53.0,0.650223718
780,2/15/2015,Quarter3,sweing,Sunday,4,0.75,30.1,919.0,7140,0,0.0,0,1,59.5,0.598627451
781,2/15/2015,Quarter3,sweing,Sunday,3,0.6,30.1,1361.0,6960,30,0.0,0,1,58.0,0.475718391
782,2/15/2015,Quarter3,sweing,Sunday,2,0.8,22.52,12.0,6900,0,0.0,0,0,57.5,0.432122899
784,2/15/2015,Quarter3,sweing,Sunday,9,0.5,18.79,1688.0,5280,0,0.0,0,1,54.0,0.283054487
785,2/16/2015,Quarter3,sweing,Monday,1,0.8,22.52,1422.0,6840,113,0.0,0,0,57.0,1.000230409
789,2/16/2015,Quarter3,sweing,Monday,3,0.65,30.1,1263.0,600,63,0.0,0,1,58.0,0.802243319
790,2/16/2015,Quarter3,sweing,Monday,5,0.8,30.1,461.0,0,0,0.0,0,0,59.0,0.800980392
791,2/16/2015,Quarter3,sweing,Monday,12,0.8,15.26,1079.0,3720,38,0.0,0,0,34.0,0.800312375
793,2/16/2015,Quarter3,sweing,Monday,6,0.75,18.79,895.0,3960,0,0.0,0,0,33.0,0.75065101
794,2/16/2015,Quarter3,sweing,Monday,4,0.75,30.1,912.0,7020,0,0.0,0,1,58.0,0.750356125
796,2/16/2015,Quarter3,sweing,Monday,7,0.7,30.1,784.0,600,30,0.0,0,1,59.0,0.700459889
798,2/16/2015,Quarter3,sweing,Monday,8,0.7,30.1,7.0,7080,27,2.0,10,2,59.0,0.621971751
799,2/16/2015,Quarter3,sweing,Monday,11,0.7,11.41,680.0,2160,30,0.0,0,2,54.0,0.565972222
800,2/16/2015,Quarter3,sweing,Monday,10,0.6,18.22,1131.0,5280,0,0.0,0,1,44.0,0.35542803
801,2/16/2015,Quarter3,sweing,Monday,9,0.6,18.79,2103.0,5400,0,0.0,0,1,54.0,0.329964879
803,2/17/2015,Quarter3,sweing,Tuesday,1,0.8,22.52,1445.0,6840,113,0.0,0,0,57.0,1.000230409
807,2/17/2015,Quarter3,sweing,Tuesday,12,0.8,15.26,1133.0,4080,38,0.0,0,0,34.0,0.800401961
809,2/17/2015,Quarter3,sweing,Tuesday,6,0.75,18.79,726.0,3360,0,0.0,0,0,33.0,0.750621354
810,2/17/2015,Quarter3,sweing,Tuesday,4,0.75,30.1,849.0,7020,45,0.0,0,1,58.0,0.750356125
812,2/17/2015,Quarter3,sweing,Tuesday,7,0.7,30.1,562.0,840,30,0.0,0,1,59.0,0.700888203
813,2/17/2015,Quarter3,sweing,Tuesday,11,0.7,11.41,1054.0,3420,30,0.0,0,2,56.0,0.700614035
814,2/17/2015,Quarter3,sweing,Tuesday,3,0.7,30.1,1422.0,6960,50,0.0,0,1,58.0,0.700603448
816,2/17/2015,Quarter3,sweing,Tuesday,5,0.8,30.1,680.0,7140,0,0.0,0,0,59.0,0.653431373
817,2/17/2015,Quarter3,sweing,Tuesday,9,0.65,18.79,2120.0,5520,0,0.0,0,1,51.0,0.650134
818,2/17/2015,Quarter3,sweing,Tuesday,8,0.6,29.4,179.0,0,23,5.0,30,2,58.0,0.600982906
821,2/17/2015,Quarter3,sweing,Tuesday,2,0.5,30.33,838.0,6720,0,0.0,0,1,56.0,0.361071429
822,2/17/2015,Quarter3,sweing,Tuesday,10,0.65,18.22,741.0,0,0,8.0,35,1,49.0,0.302117347
826,2/18/2015,Quarter3,sweing,Wednesday,11,0.7,11.41,685.0,3360,30,0.0,0,2,56.0,0.8211125
827,2/18/2015,Quarter3,sweing,Wednesday,4,0.8,30.1,864.0,480,50,0.0,0,1,58.0,0.800980392
828,2/18/2015,Quarter3,sweing,Wednesday,5,0.8,30.1,511.0,0,0,0.0,0,0,59.0,0.800980392
829,2/18/2015,Quarter3,sweing,Wednesday,12,0.8,15.26,1095.0,4080,63,0.0,0,0,34.0,0.800401961
830,2/18/2015,Quarter3,sweing,Wednesday,1,0.8,22.52,1374.0,3960,63,0.0,0,0,57.0,0.800279693
831,2/18/2015,Quarter3,sweing,Wednesday,6,0.75,18.79,759.0,3960,34,0.0,0,0,33.0,0.75065101
832,2/18/2015,Quarter3,sweing,Wednesday,7,0.75,30.1,553.0,2280,45,0.0,0,1,59.0,0.75053268
834,2/18/2015,Quarter3,sweing,Wednesday,3,0.7,30.1,1057.0,0,40,0.0,0,1,58.0,0.700603448
835,2/18/2015,Quarter3,sweing,Wednesday,9,0.7,18.79,1587.0,4560,30,0.0,0,1,51.0,0.70009573
840,2/18/2015,Quarter3,sweing,Wednesday,2,0.6,30.33,868.0,6840,0,0.0,0,1,57.0,0.328131579
841,2/18/2015,Quarter3,sweing,Wednesday,10,0.7,19.68,1119.0,5640,0,8.0,35,1,47.0,0.303574468
843,2/18/2015,Quarter3,sweing,Wednesday,8,0.65,29.4,962.0,4560,0,4.5,30,2,57.0,0.251399254
845,2/19/2015,Quarter3,sweing,Thursday,12,0.8,15.26,1126.0,1080,38,0.0,0,0,34.0,0.800711494
846,2/19/2015,Quarter3,sweing,Thursday,1,0.8,22.52,265.0,3840,63,0.0,0,0,57.0,0.800470513
847,2/19/2015,Quarter3,sweing,Thursday,4,0.8,30.1,859.0,7020,63,0.0,0,1,58.5,0.800094017
848,2/19/2015,Quarter3,sweing,Thursday,5,0.8,30.1,276.0,600,63,3.5,15,0,59.5,0.799982853
850,2/19/2015,Quarter3,sweing,Thursday,6,0.75,18.79,899.0,3960,56,0.0,0,0,33.0,0.75065101
853,2/19/2015,Quarter3,sweing,Thursday,3,0.7,30.1,247.0,6960,50,0.0,0,1,58.0,0.700603448
854,2/19/2015,Quarter3,sweing,Thursday,11,0.7,11.41,653.0,3480,30,0.0,0,2,58.0,0.700540441
855,2/19/2015,Quarter3,sweing,Thursday,8,0.7,29.4,1116.0,6240,0,0.0,0,2,57.0,0.7
858,2/19/2015,Quarter3,sweing,Thursday,9,0.7,18.79,1603.0,6120,30,0.0,0,1,51.0,0.638614379
860,2/19/2015,Quarter3,sweing,Thursday,7,0.75,30.1,444.0,0,0,5.0,20,1,59.0,0.611140537
862,2/19/2015,Quarter3,sweing,Thursday,2,0.65,30.33,841.0,6840,0,0.0,0,1,57.0,0.585315789
863,2/19/2015,Quarter3,sweing,Thursday,10,0.7,19.68,1410.0,5760,0,0.0,0,1,48.0,0.249416667
868,2/22/2015,Quarter4,sweing,Sunday,12,0.8,15.26,1103.0,4080,63,0.0,0,0,34.0,0.800401961
869,2/22/2015,Quarter4,sweing,Sunday,4,0.8,30.1,922.0,5820,63,0.0,0,1,59.0,0.80000295
872,2/22/2015,Quarter4,sweing,Sunday,6,0.75,18.79,1055.0,3960,45,0.0,0,0,33.0,0.75065101
874,2/22/2015,Quarter4,sweing,Sunday,8,0.7,29.4,1146.0,6840,40,0.0,0,2,57.0,0.700614035
875,2/22/2015,Quarter4,sweing,Sunday,2,0.7,30.33,746.0,6840,0,0.0,0,1,57.0,0.700605263
876,2/22/2015,Quarter4,sweing,Sunday,11,0.75,11.41,834.0,3480,0,0.0,0,2,58.0,0.672140805
877,2/22/2015,Quarter4,sweing,Sunday,9,0.7,18.79,1717.0,3240,30,0.0,0,1,57.0,0.627011183
878,2/22/2015,Quarter4,sweing,Sunday,3,0.7,30.1,1041.0,8160,33,0.0,0,2,58.0,0.626577778
879,2/22/2015,Quarter4,sweing,Sunday,10,0.7,21.25,1531.0,6000,0,0.0,0,1,50.0,0.456875
880,2/22/2015,Quarter4,sweing,Sunday,7,0.75,30.1,627.0,6960,0,3.5,20,1,58.0,0.393548851
882,2/22/2015,Quarter4,sweing,Sunday,5,0.8,30.1,450.0,5700,0,4.5,25,0,60.0,0.307501459
888,2/23/2015,Quarter4,sweing,Monday,12,0.8,15.26,1060.0,4080,63,0.0,0,0,34.0,0.800401961
889,2/23/2015,Quarter4,sweing,Monday,4,0.8,30.1,891.0,7140,38,0.0,0,1,59.0,0.800137255
890,2/23/2015,Quarter4,sweing,Monday,5,0.8,30.1,541.0,7140,38,0.0,0,0,59.0,0.800137255
891,2/23/2015,Quarter4,sweing,Monday,7,0.75,30.1,709.0,6960,45,0.0,0,1,58.0,0.750770115
892,2/23/2015,Quarter4,sweing,Monday,6,0.75,18.79,1100.0,3960,45,0.0,0,0,33.0,0.75065101
893,2/23/2015,Quarter4,sweing,Monday,11,0.75,11.41,826.0,2820,0,0.0,0,2,58.0,0.750293939
894,2/23/2015,Quarter4,sweing,Monday,2,0.7,30.33,577.0,2160,30,0.0,0,1,58.0,0.700623
895,2/23/2015,Quarter4,sweing,Monday,8,0.7,29.4,1094.0,6840,40,0.0,0,2,57.0,0.700614035
896,2/23/2015,Quarter4,sweing,Monday,3,0.7,29.4,1228.0,6960,30,0.0,0,2,58.0,0.700362069
897,2/23/2015,Quarter4,sweing,Monday,9,0.7,18.79,1641.0,6000,40,0.0,0,1,50.0,0.60128
898,2/23/2015,Quarter4,sweing,Monday,10,0.7,21.25,1583.0,6000,0,0.0,0,1,50.0,0.417916667
905,2/24/2015,Quarter4,sweing,Tuesday,12,0.8,15.26,1062.0,4080,50,0.0,0,0,34.0,0.800401961
906,2/24/2015,Quarter4,sweing,Tuesday,5,0.8,30.1,450.0,7140,50,0.0,0,0,60.0,0.800137255
907,2/24/2015,Quarter4,sweing,Tuesday,4,0.8,30.1,901.0,6480,50,0.0,0,1,59.0,0.800071839
909,2/24/2015,Quarter4,sweing,Tuesday,7,0.75,30.1,739.0,5640,45,0.0,0,1,59.0,0.750727326
910,2/24/2015,Quarter4,sweing,Tuesday,6,0.75,18.79,913.0,3360,45,0.0,0,0,33.0,0.75065101
911,2/24/2015,Quarter4,sweing,Tuesday,11,0.75,11.61,698.0,3360,34,0.0,0,2,57.0,0.750437269
912,2/24/2015,Quarter4,sweing,Tuesday,3,0.75,29.4,1172.0,5340,45,0.0,0,2,60.0,0.750176991
915,2/24/2015,Quarter4,sweing,Tuesday,2,0.7,30.33,408.0,1680,30,0.0,0,1,59.0,0.700623
916,2/24/2015,Quarter4,sweing,Tuesday,8,0.7,29.4,1079.0,4560,40,0.0,0,2,58.0,0.700518519
917,2/24/2015,Quarter4,sweing,Tuesday,9,0.7,18.79,1068.0,3000,30,0.0,0,1,52.0,0.700256795
919,2/24/2015,Quarter4,sweing,Tuesday,10,0.7,21.25,1834.0,6360,0,0.0,0,1,53.0,0.471108491
921,2/24/2015,Quarter4,sweing,Tuesday,1,0.6,22.53,708.0,5040,0,0.0,0,1,42.0,0.268214286
922,2/25/2015,Quarter4,sweing,Wednesday,9,0.75,18.79,1085.0,6240,56,0.0,0,1,52.0,0.970816667
927,2/25/2015,Quarter4,sweing,Wednesday,4,0.8,30.1,323.0,4080,50,0.0,0,1,59.0,0.800808642
928,2/25/2015,Quarter4,sweing,Wednesday,12,0.8,15.26,1053.0,4080,50,0.0,0,0,34.0,0.800401961
929,2/25/2015,Quarter4,sweing,Wednesday,7,0.8,30.1,786.0,7080,50,0.0,0,2,59.0,0.800115819
930,2/25/2015,Quarter4,sweing,Wednesday,6,0.75,18.79,1003.0,3960,45,0.0,0,1,33.0,0.75065101
931,2/25/2015,Quarter4,sweing,Wednesday,11,0.75,11.61,635.0,3360,45,0.0,0,0,57.0,0.750503571
932,2/25/2015,Quarter4,sweing,Wednesday,3,0.75,29.4,1283.0,6960,45,0.0,0,2,58.0,0.750206897
933,2/25/2015,Quarter4,sweing,Wednesday,8,0.7,29.4,847.0,6960,30,0.0,0,1,58.0,0.700362069
934,2/25/2015,Quarter4,sweing,Wednesday,2,0.7,30.33,361.0,3960,30,0.0,0,1,58.0,0.700069811
935,2/25/2015,Quarter4,sweing,Wednesday,10,0.7,21.82,1653.0,6240,0,0.0,0,2,52.0,0.700058333
938,2/25/2015,Quarter4,sweing,Wednesday,5,0.8,30.1,15.0,1200,49,0.0,0,1,59.0,0.598792339
939,2/25/2015,Quarter4,sweing,Wednesday,1,0.65,22.53,762.0,5040,0,0.0,0,1,42.0,0.581130952
945,2/26/2015,Quarter4,sweing,Thursday,7,0.8,30.1,694.0,4080,50,0.0,0,1,59.0,0.800808642
946,2/26/2015,Quarter4,sweing,Thursday,11,0.8,11.61,816.0,2820,50,0.0,0,2,57.0,0.800516667
947,2/26/2015,Quarter4,sweing,Thursday,12,0.8,15.26,1065.0,4080,63,0.0,0,0,34.0,0.800401961
949,2/26/2015,Quarter4,sweing,Thursday,6,0.75,18.79,912.0,3960,45,0.0,0,0,33.0,0.75065101
950,2/26/2015,Quarter4,sweing,Thursday,3,0.75,29.4,1244.0,6840,45,0.0,0,2,57.0,0.750473684
951,2/26/2015,Quarter4,sweing,Thursday,9,0.75,18.79,1020.0,5640,45,0.0,0,1,52.0,0.750371895
952,2/26/2015,Quarter4,sweing,Thursday,8,0.75,29.4,916.0,6960,56,0.0,0,2,58.0,0.750206897
953,2/26/2015,Quarter4,sweing,Thursday,10,0.7,21.82,1591.0,3240,0,0.0,0,1,52.0,0.700251773
954,2/26/2015,Quarter4,sweing,Thursday,2,0.7,30.33,398.0,6960,0,0.0,0,1,58.0,0.66237931
957,2/26/2015,Quarter4,sweing,Thursday,4,0.8,30.1,437.0,7080,32,0.0,0,2,59.0,0.495617514
958,2/26/2015,Quarter4,sweing,Thursday,5,0.35,27.48,413.0,6840,38,0.0,0,1,57.0,0.449964912
961,2/26/2015,Quarter4,sweing,Thursday,1,0.35,26.66,1164.0,6600,23,0.0,0,2,55.0,0.378895152
966,2/28/2015,Quarter4,sweing,Saturday,11,0.8,11.61,954.0,0,50,0.0,0,2,58.0,0.800779018
967,2/28/2015,Quarter4,sweing,Saturday,12,0.8,15.26,1194.0,1700,62,0.0,0,0,34.0,0.800260821
968,2/28/2015,Quarter4,sweing,Saturday,7,0.8,30.1,644.0,840,38,0.0,0,1,59.0,0.799982853
970,2/28/2015,Quarter4,sweing,Saturday,3,0.75,29.4,1144.0,4440,45,0.0,0,2,57.0,0.750716981
971,2/28/2015,Quarter4,sweing,Saturday,6,0.75,18.79,1012.0,3960,45,0.0,0,0,33.0,0.75065101
972,2/28/2015,Quarter4,sweing,Saturday,8,0.75,29.4,792.0,4560,56,0.0,0,2,58.0,0.750425926
973,2/28/2015,Quarter4,sweing,Saturday,9,0.75,18.79,841.0,6240,45,0.0,0,1,52.0,0.750395513
974,2/28/2015,Quarter4,sweing,Saturday,10,0.7,21.82,1448.0,6120,40,0.0,0,1,51.0,0.700236601
975,2/28/2015,Quarter4,sweing,Saturday,2,0.7,30.33,512.0,4560,0,0.0,0,1,58.0,0.700211111
978,2/28/2015,Quarter4,sweing,Saturday,5,0.5,27.48,609.0,6840,30,0.0,0,1,57.0,0.550403509
979,2/28/2015,Quarter4,sweing,Saturday,1,0.5,26.66,1448.0,6840,30,0.0,0,2,57.0,0.550349708
980,2/28/2015,Quarter4,sweing,Saturday,4,0.5,26.66,556.0,6960,23,0.0,0,2,58.0,0.500258046
987,3/1/2015,Quarter1,sweing,Sunday,12,0.8,15.26,1106.0,4080,63,0.0,0,0,34.0,0.800401961
988,3/1/2015,Quarter1,sweing,Sunday,8,0.75,29.4,622.0,6240,56,0.0,0,0,57.0,0.75075
989,3/1/2015,Quarter1,sweing,Sunday,6,0.75,18.79,1193.0,3960,45,0.0,0,0,33.0,0.75065101
990,3/1/2015,Quarter1,sweing,Sunday,3,0.75,29.4,1143.0,6840,45,0.0,0,0,57.0,0.750473684
991,3/1/2015,Quarter1,sweing,Sunday,9,0.75,18.79,895.0,6240,34,0.0,0,0,52.0,0.750395513
992,3/1/2015,Quarter1,sweing,Sunday,5,0.6,27.48,549.0,6720,38,0.0,0,0,56.0,0.707446429
993,3/1/2015,Quarter1,sweing,Sunday,10,0.7,21.82,1393.0,5640,30,0.0,0,0,52.0,0.700236601
994,3/1/2015,Quarter1,sweing,Sunday,1,0.6,26.66,1578.0,6840,38,0.0,0,0,57.0,0.700019883
995,3/1/2015,Quarter1,sweing,Sunday,2,0.7,30.33,254.0,1800,0,0.0,0,0,58.0,0.683550607
996,3/1/2015,Quarter1,sweing,Sunday,11,0.8,11.61,347.0,0,50,4.0,20,0,57.0,0.682433036
999,3/1/2015,Quarter1,sweing,Sunday,4,0.6,26.66,692.0,6840,23,0.0,0,0,57.0,0.600239766
1001,3/1/2015,Quarter1,sweing,Sunday,7,0.8,30.1,934.0,6960,0,3.5,15,0,58.0,0.579511494
1008,3/2/2015,Quarter1,sweing,Monday,1,0.65,26.66,1527.0,6840,65,0.0,0,0,57.0,0.800579532
1009,3/2/2015,Quarter1,sweing,Monday,12,0.8,15.26,1035.0,4080,63,0.0,0,0,34.0,0.800401961
1011,3/2/2015,Quarter1,sweing,Monday,11,0.8,11.61,632.0,0,50,0.0,0,0,57.0,0.800309211
1012,3/2/2015,Quarter1,sweing,Monday,3,0.8,29.4,1231.0,4680,50,0.0,0,0,57.0,0.800149813
1013,3/2/2015,Quarter1,sweing,Monday,7,0.8,30.1,616.0,7080,0,0.0,0,0,59.0,0.800115819
1015,3/2/2015,Quarter1,sweing,Monday,6,0.75,18.79,947.0,2880,34,0.0,0,0,33.0,0.750797009
1016,3/2/2015,Quarter1,sweing,Monday,8,0.75,29.4,551.0,6840,45,0.0,0,0,57.0,0.750473684
1017,3/2/2015,Quarter1,sweing,Monday,9,0.75,18.79,935.0,6240,45,0.0,0,0,52.0,0.750395513
1018,3/2/2015,Quarter1,sweing,Monday,4,0.65,26.66,832.0,6780,55,0.0,0,0,57.0,0.750254867
1019,3/2/2015,Quarter1,sweing,Monday,5,0.65,27.48,544.0,6720,34,0.0,0,0,56.0,0.700903571
1020,3/2/2015,Quarter1,sweing,Monday,10,0.7,21.82,1511.0,3600,30,0.0,0,0,51.0,0.70013604
1027,3/3/2015,Quarter1,sweing,Tuesday,11,0.8,11.41,601.0,0,50,0.0,0,0,56.0,0.800701754
1028,3/3/2015,Quarter1,sweing,Tuesday,1,0.7,26.66,1562.0,6960,60,0.0,0,0,58.0,0.800566092
1029,3/3/2015,Quarter1,sweing,Tuesday,12,0.8,15.26,983.0,4080,50,0.0,0,0,34.0,0.800401961
1030,3/3/2015,Quarter1,sweing,Tuesday,3,0.8,29.4,1156.0,6840,50,0.0,0,0,57.0,0.800333333
1031,3/3/2015,Quarter1,sweing,Tuesday,7,0.8,30.1,29.0,7080,50,0.0,0,0,59.0,0.800115819
1032,3/3/2015,Quarter1,sweing,Tuesday,4,0.7,26.66,950.0,6960,50,0.0,0,0,58.0,0.750770115
1033,3/3/2015,Quarter1,sweing,Tuesday,8,0.75,29.4,534.0,6840,56,0.0,0,0,57.0,0.750473684
1034,3/3/2015,Quarter1,sweing,Tuesday,9,0.75,18.79,1096.0,6240,34,0.0,0,0,52.0,0.750395513
1035,3/3/2015,Quarter1,sweing,Tuesday,6,0.75,20.2,402.0,3120,45,0.0,0,0,33.0,0.750212553
1037,3/3/2015,Quarter1,sweing,Tuesday,5,0.7,27.48,573.0,6840,30,0.0,0,0,57.0,0.700659649
1038,3/3/2015,Quarter1,sweing,Tuesday,10,0.7,21.82,1313.0,5040,30,0.0,0,0,51.0,0.699984417
1046,3/3/2015,Quarter1,sweing,Tuesday,2,0.4,15.28,157.0,5400,0,6.5,30,1,45.0,0.30277037
1053,3/4/2015,Quarter1,sweing,Wednesday,11,0.8,11.41,433.0,0,38,0.0,0,0,56.0,0.800701754
1054,3/4/2015,Quarter1,sweing,Wednesday,12,0.8,15.26,961.0,4080,50,0.0,0,0,34.0,0.800401961
1055,3/4/2015,Quarter1,sweing,Wednesday,3,0.8,29.4,1169.0,6840,63,0.0,0,0,57.0,0.800333333
1056,3/4/2015,Quarter1,sweing,Wednesday,7,0.8,30.1,874.0,3960,50,0.0,0,0,59.0,0.800055762
1057,3/4/2015,Quarter1,sweing,Wednesday,4,0.7,26.82,1028.0,6960,60,0.0,0,0,58.0,0.799975862
1058,3/4/2015,Quarter1,sweing,Wednesday,1,0.7,26.82,1772.0,6960,50,0.0,0,0,58.0,0.750651724
1059,3/4/2015,Quarter1,sweing,Wednesday,9,0.75,18.79,1206.0,6240,34,0.0,0,0,52.0,0.750395513
1060,3/4/2015,Quarter1,sweing,Wednesday,5,0.7,27.48,586.0,6960,40,0.0,0,0,58.0,0.700424138
1061,3/4/2015,Quarter1,sweing,Wednesday,10,0.7,21.82,1334.0,5760,30,0.0,0,0,53.0,0.700058333
1065,3/4/2015,Quarter1,sweing,Wednesday,8,0.8,29.4,30.0,6840,0,0.0,0,0,57.0,0.433263158
1066,3/4/2015,Quarter1,sweing,Wednesday,2,0.5,15.28,261.0,5520,0,0.0,0,1,46.0,0.404144928
1067,3/4/2015,Quarter1,sweing,Wednesday,6,0.75,18.79,52.0,3960,0,0.0,0,0,33.0,0.332146465
1075,3/5/2015,Quarter1,sweing,Thursday,11,0.8,11.41,455.0,3420,50,0.0,0,0,56.0,0.800701754
1076,3/5/2015,Quarter1,sweing,Thursday,3,0.8,29.4,797.0,1800,63,0.0,0,0,57.0,0.800534979
1077,3/5/2015,Quarter1,sweing,Thursday,12,0.8,15.26,959.0,4080,50,0.0,0,0,34.0,0.800401961
1078,3/5/2015,Quarter1,sweing,Thursday,1,0.7,26.82,1373.0,6960,50,0.0,0,0,58.0,0.750651724
1079,3/5/2015,Quarter1,sweing,Thursday,9,0.75,18.79,1228.0,6240,45,0.0,0,0,52.0,0.750395513
1080,3/5/2015,Quarter1,sweing,Thursday,4,0.7,26.82,1117.0,7080,50,0.0,0,0,59.0,0.750050847
1081,3/5/2015,Quarter1,sweing,Thursday,5,0.7,27.48,230.0,6960,40,0.0,0,0,58.0,0.700424138
1082,3/5/2015,Quarter1,sweing,Thursday,10,0.7,21.82,1390.0,6000,30,0.0,0,0,50.0,0.700422
1083,3/5/2015,Quarter1,sweing,Thursday,2,0.6,15.28,529.0,1320,0,0.0,0,1,46.0,0.600099145
1085,3/5/2015,Quarter1,sweing,Thursday,7,0.8,30.1,834.0,1200,0,4.0,40,0,59.0,0.366053523
1086,3/5/2015,Quarter1,sweing,Thursday,6,0.35,22.53,1450.0,2640,0,0.0,0,1,39.0,0.26369382
1088,3/7/2015,Quarter1,sweing,Saturday,12,0.8,15.26,986.0,4080,75,0.0,0,0,34.0,0.850520588
1089,3/7/2015,Quarter1,sweing,Saturday,1,0.7,26.82,1267.0,8160,70,0.0,0,0,58.0,0.850045
1092,3/7/2015,Quarter1,sweing,Saturday,4,0.7,26.82,1195.0,6960,60,0.0,0,0,58.0,0.800746552
1093,3/7/2015,Quarter1,sweing,Saturday,3,0.8,29.4,983.0,6840,63,0.0,0,1,57.0,0.800578947
1094,3/7/2015,Quarter1,sweing,Saturday,11,0.8,11.41,471.0,3420,50,0.0,0,0,58.0,0.800034503
1096,3/7/2015,Quarter1,sweing,Saturday,9,0.75,18.79,1226.0,3480,45,0.0,0,0,51.0,0.749987124
1097,3/7/2015,Quarter1,sweing,Saturday,10,0.7,21.82,1251.0,6000,30,0.0,0,0,50.0,0.700422
1101,3/7/2015,Quarter1,sweing,Saturday,2,0.65,16.1,626.0,4200,0,0.0,0,1,45.0,0.65024031
1104,3/7/2015,Quarter1,sweing,Saturday,6,0.5,23.41,1379.0,2280,0,0.0,0,1,39.0,0.500528095
1105,3/7/2015,Quarter1,sweing,Saturday,5,0.7,27.48,541.0,6960,24,0.0,0,1,58.0,0.408960345
1113,3/8/2015,Quarter2,sweing,Sunday,4,0.75,26.82,1082.0,6840,65,0.0,0,0,57.0,0.850084211
1114,3/8/2015,Quarter2,sweing,Sunday,1,0.75,26.82,1254.0,6960,65,0.0,0,0,58.0,0.85007069
1115,3/8/2015,Quarter2,sweing,Sunday,3,0.8,30.1,1278.0,3360,50,0.0,0,1,57.0,0.800511068
1116,3/8/2015,Quarter2,sweing,Sunday,12,0.8,15.26,1064.0,4080,63,0.0,0,0,34.0,0.800401961
1117,3/8/2015,Quarter2,sweing,Sunday,11,0.8,11.41,313.0,3420,50,0.0,0,0,58.0,0.800034503
1119,3/8/2015,Quarter2,sweing,Sunday,9,0.75,18.79,1239.0,5640,45,0.0,0,0,52.0,0.750371895
1120,3/8/2015,Quarter2,sweing,Sunday,10,0.7,21.82,1335.0,6000,30,0.0,0,0,50.0,0.700422
1121,3/8/2015,Quarter2,sweing,Sunday,2,0.7,16.1,928.0,4800,30,0.0,0,1,45.0,0.700106061
1122,3/8/2015,Quarter2,sweing,Sunday,6,0.6,23.41,1266.0,2520,23,0.0,0,1,38.0,0.601037091
1123,3/8/2015,Quarter2,sweing,Sunday,8,0.6,30.48,869.0,6720,0,0.0,0,1,56.0,0.600528571
1124,3/8/2015,Quarter2,sweing,Sunday,5,0.5,26.82,711.0,7080,23,0.0,0,1,59.0,0.500033898
1131,3/9/2015,Quarter2,sweing,Monday,4,0.75,26.82,1079.0,7020,65,0.0,0,0,58.0,0.850446154
1132,3/9/2015,Quarter2,sweing,Monday,1,0.75,26.82,1322.0,7140,65,0.0,0,0,59.0,0.850426891
1134,3/9/2015,Quarter2,sweing,Monday,3,0.8,30.1,964.0,5160,50,0.0,0,1,58.0,0.800842424
1135,3/9/2015,Quarter2,sweing,Monday,12,0.8,15.26,1132.0,4080,63,0.0,0,0,34.0,0.800401961
1136,3/9/2015,Quarter2,sweing,Monday,11,0.8,11.41,357.0,3420,50,0.0,0,0,58.0,0.800034503
1140,3/9/2015,Quarter2,sweing,Monday,9,0.75,18.79,1193.0,6240,45,0.0,0,0,52.0,0.750395513
1141,3/9/2015,Quarter2,sweing,Monday,2,0.7,16.1,817.0,5520,30,0.0,0,1,45.0,0.700516224
1142,3/9/2015,Quarter2,sweing,Monday,10,0.7,21.82,1576.0,6000,30,0.0,0,0,50.0,0.700422
1144,3/9/2015,Quarter2,sweing,Monday,6,0.65,23.41,1262.0,4560,35,0.0,0,1,38.0,0.650962281
1145,3/9/2015,Quarter2,sweing,Monday,8,0.65,30.48,953.0,6720,26,0.0,0,1,56.0,0.650421429
1146,3/9/2015,Quarter2,sweing,Monday,5,0.6,26.82,919.0,7080,23,0.0,0,1,59.0,0.600040678
1147,3/9/2015,Quarter2,sweing,Monday,7,0.5,30.48,1161.0,6600,0,0.0,0,1,55.0,0.500610909
1152,3/10/2015,Quarter2,sweing,Tuesday,1,0.75,26.82,1574.0,7080,75,0.0,0,0,59.0,0.900061017
1156,3/10/2015,Quarter2,sweing,Tuesday,4,0.75,26.82,1104.0,5880,65,0.0,0,0,59.0,0.850084211
1158,3/10/2015,Quarter2,sweing,Tuesday,12,0.8,15.26,1069.0,4080,63,0.0,0,0,34.0,0.800401961
1159,3/10/2015,Quarter2,sweing,Tuesday,3,0.8,30.1,756.0,6960,63,0.0,0,1,58.0,0.800071839
1160,3/10/2015,Quarter2,sweing,Tuesday,11,0.8,11.41,338.0,3420,50,0.0,0,0,58.0,0.800034503
1162,3/10/2015,Quarter2,sweing,Tuesday,10,0.75,21.82,1499.0,6000,34,0.0,0,0,50.0,0.750608
1163,3/10/2015,Quarter2,sweing,Tuesday,9,0.75,18.79,1247.0,6240,45,0.0,0,0,52.0,0.750395513
1165,3/10/2015,Quarter2,sweing,Tuesday,8,0.7,30.48,923.0,6840,30,0.0,0,1,57.0,0.700505263
1166,3/10/2015,Quarter2,sweing,Tuesday,6,0.7,23.41,1180.0,4560,30,0.0,0,1,38.0,0.700246491
1167,3/10/2015,Quarter2,sweing,Tuesday,2,0.7,16.1,957.0,5400,40,0.0,0,1,45.0,0.700051852
1168,3/10/2015,Quarter2,sweing,Tuesday,5,0.65,26.82,1001.0,7080,26,0.0,0,1,59.0,0.650044068
1169,3/10/2015,Quarter2,sweing,Tuesday,7,0.6,30.48,1017.0,6840,25,0.0,0,1,57.0,0.630402924
1178,3/11/2015,Quarter2,sweing,Wednesday,12,0.8,15.26,470.0,4080,63,0.0,0,0,34.0,0.800401961
1179,3/11/2015,Quarter2,sweing,Wednesday,3,0.8,30.1,735.0,6960,63,0.0,0,1,58.0,0.800071839
1180,3/11/2015,Quarter2,sweing,Wednesday,11,0.8,11.41,560.0,3420,50,0.0,0,0,58.0,0.800034503
1183,3/11/2015,Quarter2,sweing,Wednesday,10,0.75,21.82,1674.0,6000,34,0.0,0,0,50.0,0.750608
1184,3/11/2015,Quarter2,sweing,Wednesday,9,0.75,18.79,290.0,5040,45,0.0,0,0,52.0,0.750347333
1185,3/11/2015,Quarter2,sweing,Wednesday,2,0.75,16.1,971.0,5400,45,0.0,0,1,45.0,0.750140741
1186,3/11/2015,Quarter2,sweing,Wednesday,1,0.75,26.82,1322.0,7080,45,0.0,0,0,59.0,0.750050847
1187,3/11/2015,Quarter2,sweing,Wednesday,4,0.75,26.82,1054.0,7080,45,0.0,0,0,59.0,0.750050847
1188,3/11/2015,Quarter2,sweing,Wednesday,5,0.7,26.82,992.0,6960,30,0.0,0,1,58.0,0.700556897
1189,3/11/2015,Quarter2,sweing,Wednesday,8,0.7,30.48,914.0,6840,30,0.0,0,1,57.0,0.700505263
1190,3/11/2015,Quarter2,sweing,Wednesday,6,0.7,23.41,1128.0,4560,40,0.0,0,1,38.0,0.700246491
1191,3/11/2015,Quarter2,sweing,Wednesday,7,0.65,30.48,935.0,6840,26,0.0,0,1,57.0,0.650596491
